MasterIncidentNumber,CalendarYear,Month,DayOfMonth,Call_Type,Problem,Battalion,Jurisdiction,ResponseArea,PriorityDescription,Response Status,Districts,Location 1
"16,000,015","2,016",Jan,1,Fire,TRASH - Trash Fire,B4,AFD,00-2004,3F,Code 3,5,"(30218836, 97806156)"
"16,000,017","2,016",Jan,1,Fire,TRASH - Trash Fire,B4,AFD,00-3606,3F,Code 1,2,"(30183275, 97786233)"
"16,000,038","2,016",Jan,1,Fire,BBQ - Unsafe Cooking,B2,AFD,00-3102,4F,Code 1,10,"(30363743, 97791275)"
"16,000,045","2,016",Jan,1,Fire,DUMP - Dumpster Fire,B3,AFD,00-1801,3F,Code 3,1,"(30318719, 97665985)"
"16,000,069","2,016",Jan,1,Fire,TRASH - Trash Fire,B5,AFD,00-2402,3F,Code 1,2,"(30195769, 97739084)"
"16,000,165","2,016",Jan,1,Fire,DUMP - Dumpster Fire,B3,AFD,00-4001,3F,Code 3,7,"(30393587, 97649663)"
"16,000,184","2,016",Jan,1,Fire,TRASH - Trash Fire,B3,AFD,00-3001,3F,Code 3,4,"(30370324, 97696376)"
"16,000,188","2,016",Jan,1,Fire,ELEC - Electrical Fire,B3,AFD,00-0804,3F,Code 3,7,"(30359634, 97718073)"
"16,000,211","2,016",Jan,1,Fire,BBQ - Unsafe Cooking,B4,AFD,00-1705,4F,Code 1,3,"(30233463, 97777628)"
"16,000,248","2,016",Jan,1,Fire,TRASH - Trash Fire,B3,AFD,00-3004,3F,Code 3,1,"(30377427, 97666296)"
"16,000,266","2,016",Jan,1,Fire,TRASH - Trash Fire,B4,AFD,00-1701,3F,Code 3,3,"(30225325, 97769329)"
"16,000,328","2,016",Jan,1,Fire,TRASH - Trash Fire,B2,AFD,00-1604,3F,Code 3,4,"(30330048, 97721903)"
"16,000,334","2,016",Jan,1,Fire,TRASH - Trash Fire,B3,AFD,00-2806,3F,Code 3,7,"(30410332, 97717048)"
"16,000,392","2,016",Jan,2,Fire,TRASH - Trash Fire,B1,AFD,00-1002,3F,Code 3,10,"(30295365, 97764785)"
"16,000,411","2,016",Jan,2,Fire,GRASS - Small Grass Fire,B3,AFD,00-2301,3F,Other,1,"(30369955, 97680524)"
"16,000,412","2,016",Jan,2,Fire,GRASS - Small Grass Fire,B3,AFD,00-2301,3F,Code 3,1,"(30375077, 97677241)"
"16,000,426","2,016",Jan,2,Fire,GRASS - Small Grass Fire,B3,AFD,00-3004,3F,Code 3,7,"(30399162, 97673044)"
"16,000,455","2,016",Jan,2,Fire,TRASH - Trash Fire,B5,AFD,00-0701,3F,Code 3,3,"(30255766, 97729886)"
"16,000,466","2,016",Jan,2,Fire,AUTO - Auto Fire,B2,AFD,00-3906,2F,Code 3,6,"(30421362, 97845226)"
"16,000,641","2,016",Jan,2,Fire,DUMP - Dumpster Fire,B1,AFD,00-0202,3F,Code 3,9,"(30281008, 97746701)"
"16,000,657","2,016",Jan,3,Fire,TRASH - Trash Fire,B2,AFD,00-4401,3F,Code 3,610,"(30426843, 97784889)"
"16,000,744","2,016",Jan,3,Fire,ELEC - Electrical Fire,B3,AFD,00-2804,3F,Code 3,7,"(30404888, 97712213)"
"16,000,774","2,016",Jan,3,Fire,BBQ - Unsafe Cooking,B3,AFD,00-2304,4F,Code 1,4,"(30354368, 97685714)"
"16,000,885","2,016",Jan,3,Fire,TRASH - Trash Fire,B3,AFD,00-2601,3F,Code 3,1,"(30300989, 97642928)"
"16,000,946","2,016",Jan,4,Fire,TRASH - Trash Fire,B1,AFD,00-0203,3F,Code 3,1,"(30275542, 97715149)"
"16,000,948","2,016",Jan,4,Fire,DUMP - Dumpster Fire,B3,AFD,00-0803,3F,Code 3,4,"(30354524, 97704068)"
"16,000,985","2,016",Jan,4,Fire,ELEC - Electrical Fire,B3,AFD,00-4001,3F,Code 3,1,"(30390033, 97646857)"
"16,001,024","2,016",Jan,4,Fire,TRASH - Trash Fire,B4,AFD,00-2903,3F,Code 3,5,"(30189876, 97828222)"
"16,001,193","2,016",Jan,4,Fire,ELEC - Electrical Fire,B4,AFD,00-1703,3F,Code 3,5,"(30219112, 97785154)"
"16,001,206","2,016",Jan,4,Fire,TRASH - Trash Fire,B2,AFD,00-1903,3F,Code 1,10,"(30343473, 97764725)"
"16,001,271","2,016",Jan,5,Fire,DUMP - Dumpster Fire,B5,AFD,00-2203,3F,Code 3,3,"(30240419, 97711549)"
"16,001,339","2,016",Jan,5,Fire,ELEC - Electrical Fire,B5,AFD,00-2201,3F,Code 3,3,"(30229511, 97712633)"
"16,001,343","2,016",Jan,5,Fire,AUTO - Auto Fire,B3,AFD,00-4001,2F,Code 3,7,"(30408553, 97673715)"
"16,001,402","2,016",Jan,5,Fire,DUMP - Dumpster Fire,B5,AFD,00-2203,3F,Code 3,3,"(30240419, 97711549)"
"16,001,495","2,016",Jan,5,Fire,ELEC - Electrical Fire,B5,AFD,00-0501,3F,Code 3,1,"(30278138, 97677308)"
"16,001,612","2,016",Jan,6,Fire,TRASH - Trash Fire,B5,AFD,00-2201,3F,Code 3,3,"(30226897, 97726456)"
"16,001,619","2,016",Jan,6,Fire,ELEC - Electrical Fire,B3,AFD,00-0802,3F,Code 3,4,"(30362655, 97700842)"
"16,001,684","2,016",Jan,6,Fire,TRASH - Trash Fire,B5,AFD,00-2204,3F,Code 3,3,"(30230203, 97700384)"
"16,001,735","2,016",Jan,6,Fire,ELEC - Electrical Fire,B3,AFD,00-2304,3F,Code 1,4,"(30352067, 97678101)"
"16,001,824","2,016",Jan,7,Fire,TRASH - Trash Fire,B4,AFD,00-1701,3F,Code 3,3,"(30227318, 97773388)"
"16,001,844","2,016",Jan,7,Fire,TRASH - Trash Fire,B1,AFD,00-0202,3F,Code 3,9,"(30278568, 97743937)"
"16,001,847","2,016",Jan,7,Fire,ELEC - Electrical Fire,B4,AFD,00-2704,3F,Code 3,8,"(30214607, 97831801)"
"16,001,899","2,016",Jan,7,Fire,TRASH - Trash Fire,B4,AFD,00-3601,3F,Code 3,2,"(30170889, 97792501)"
"16,001,943","2,016",Jan,7,Fire,AUTO - Auto Fire,B3,AFD,00-1407,2F,Code 3,4,"(30315301, 97707925)"
"16,002,102","2,016",Jan,7,Fire,AUTO - Auto Fire,B3,AFD,00-4004,2F,Code 3,17,"(30387004, 97648592)"
"16,002,252","2,016",Jan,8,Fire,AUTO - Auto Fire,B4,AFD,00-1712,2F,Code 3,5,"(30231998, 97802464)"
"16,002,417","2,016",Jan,8,Fire,ELEC - Electrical Fire,B5,AFD,00-2403,3F,Code 3,2,"(30178246, 97763044)"
"16,002,418","2,016",Jan,8,Fire,TRASH - Trash Fire,B2,AFD,00-2101,3F,Code 3,10,"(30355054, 97752137)"
"16,002,428","2,016",Jan,8,Fire,AUTO - Auto Fire,B5,AFD,00-0503,2F,Code 3,1,"(30285862, 97682628)"
"16,002,438","2,016",Jan,9,Fire,TRASH - Trash Fire,B2,AFD,00-2101,3F,Code 3,10,"(30363081, 97756427)"
"16,002,452","2,016",Jan,9,Fire,TRASH - Trash Fire,B5,AFD,00-0501,3F,Code 1,3,"(30267899, 97680994)"
"16,002,532","2,016",Jan,9,Fire,ELEC - Electrical Fire,B3,AFD,00-3002,3F,Code 3,7,"(30404051, 97698788)"
"16,002,597","2,016",Jan,9,Fire,BBQ - Unsafe Cooking,B3,AFD,00-1401,4F,Code 1,9,"(30298072, 97707141)"
"16,002,600","2,016",Jan,9,Fire,DUMP - Dumpster Fire,B1,AFD,00-0303,3F,Code 3,9,"(30293238, 97736105)"
"16,002,660","2,016",Jan,9,Fire,BBQ - Unsafe Cooking,B5,AFD,00-2201,4F,Code 3,3,"(30228521, 97721427)"
"16,002,665","2,016",Jan,9,Fire,GRASS - Small Grass Fire,B3,AFD,00-1801,3F,Code 3,1,"(30319061, 97670803)"
"16,002,681","2,016",Jan,10,Fire,TRASH - Trash Fire,B2,AFD,00-3802,3F,Code 3,6,"(30456125, 97793444)"
"16,002,735","2,016",Jan,10,Fire,TRASH - Trash Fire,B5,AFD,00-0602,3F,Code 3,9,"(30228627, 97746432)"
"16,002,792","2,016",Jan,10,Fire,TRASH - Trash Fire,B3,AFD,00-1801,3F,Code 3,1,"(30319038, 97670847)"
"16,002,798","2,016",Jan,10,Fire,BBQ - Unsafe Cooking,B3,AFD,00-2607,4F,Code 1,1,"(30309367, 97666542)"
"16,002,801","2,016",Jan,10,Fire,DUMP - Dumpster Fire,B5,AFD,00-0702,3F,Code 3,3,"(30255782, 97716096)"
"16,002,807","2,016",Jan,10,Fire,TRASH - Trash Fire,B3,AFD,00-1801,3F,Code 1,1,"(30319038, 97670847)"
"16,002,811","2,016",Jan,10,Fire,TRASH - Trash Fire,B1,AFD,00-0901,3F,Code 1,9,"(30303342, 97729336)"
"16,002,827","2,016",Jan,10,Fire,AUTO - Auto Fire,B5,AFD,00-0501,2F,Code 3,1,"(30278983, 97687021)"
"16,002,856","2,016",Jan,10,Fire,TRASH - Trash Fire,B1,AFD,00-0903,3F,Code 3,9,"(30320782, 97726228)"
"16,002,867","2,016",Jan,10,Fire,TRASH - Trash Fire,B1,AFD,00-0903,3F,Code 1,9,"(30320782, 97726228)"
"16,002,891","2,016",Jan,10,Fire,TRASH - Trash Fire,B3,AFD,00-1402,3F,Code 1,1,"(30285668, 97702302)"
"16,002,901","2,016",Jan,10,Fire,BBQ - Unsafe Cooking,B2,AFD,00-3802,4F,Code 3,6,"(30458059, 97797196)"
"16,002,940","2,016",Jan,11,Fire,TRASH - Trash Fire,B1,AFD,00-0102,3F,Code 3,9,"(30267068, 97739335)"
"16,003,006","2,016",Jan,11,Fire,ELEC - Electrical Fire,B3,AFD,00-3001,3F,Code 3,4,"(30371067, 97706358)"
"16,003,043","2,016",Jan,11,Fire,TRASH - Trash Fire,B4,AFD,00-3604,3F,Code 3,5,"(30156647, 97790886)"
"16,003,057","2,016",Jan,11,Fire,AUTO - Auto Fire,B4,AFD,00-1708,2F,Code 3,3,"(30219319, 97757728)"
"16,003,167","2,016",Jan,11,Fire,ELEC - Electrical Fire,B5,AFD,00-2201,3F,Code 3,3,"(30229469, 97719104)"
"16,003,186","2,016",Jan,11,Fire,TRASH - Trash Fire,B5,AFD,00-2402,3F,Code 1,2,"(30193861, 97755596)"
"16,003,195","2,016",Jan,11,Fire,TRASH - Trash Fire,B5,AFD,00-1505,3F,Code 3,1,"(30264878, 97657558)"
"16,003,213","2,016",Jan,11,Fire,GRASS - Small Grass Fire,B4,AFD,00-3602,3F,Left Blank,5,"(30099726, 97812796)"
"16,003,224","2,016",Jan,11,Fire,ELEC - Electrical Fire,B4,AFD,00-2903,3F,Code 1,5,"(30179501, 97820377)"
"16,003,228","2,016",Jan,11,Fire,TRASH - Trash Fire,B3,AFD,00-0805,3F,Code 3,7,"(30365339, 97730114)"
"16,003,262","2,016",Jan,11,Fire,ELEC - Electrical Fire,B2,AFD,00-1603,3F,Code 3,4,"(30321757, 97709937)"
"16,003,400","2,016",Jan,12,Fire,GRASS - Small Grass Fire,B2,AFD,00-3106,3F,Left Blank,10,"(30315459, 97826068)"
"16,003,422","2,016",Jan,12,Fire,AUTO - Auto Fire,B3,AFD,00-1804,2F,Code 3,4,"(30336022, 97695921)"
"16,003,480","2,016",Jan,12,Fire,TRASH - Trash Fire,B4,AFD,00-1101,3F,Code 3,5,"(30248413, 97769947)"
"16,003,505","2,016",Jan,12,Fire,TRASH - Trash Fire,B3,AFD,00-1804,3F,Code 3,4,"(30329753, 97701271)"
"16,003,507","2,016",Jan,12,Fire,TRASH - Trash Fire,B5,AFD,00-2205,3F,Code 1,3,"(30229669, 97694768)"
"16,003,521","2,016",Jan,12,Fire,TRASH - Trash Fire,B4,AFD,00-3604,3F,Left Blank,5,"(30159961, 97800316)"
"16,003,537","2,016",Jan,12,Fire,TRASH - Trash Fire,B1,AFD,00-0401,3F,Left Blank,9,"(30279018, 97756624)"
"16,003,548","2,016",Jan,12,Fire,TRASH - Trash Fire,B4,AFD,00-2002,3F,Code 3,5,"(30198421, 97830325)"
"16,003,567","2,016",Jan,12,Fire,BBQ - Unsafe Cooking,B3,AFD,00-0801,4F,Code 1,4,"(30375791, 97711007)"
"16,003,575","2,016",Jan,12,Fire,TRASH - Trash Fire,B5,AFD,00-2205,3F,Code 3,3,"(30229669, 97694768)"
"16,003,593","2,016",Jan,12,Fire,ELEC - Electrical Fire,B5,AFD,00-2202,3F,Code 3,3,"(30235454, 97724774)"
"16,003,601","2,016",Jan,12,Fire,TRASH - Trash Fire,B5,AFD,00-2205,3F,Code 1,3,"(30229752, 97694706)"
"16,003,631","2,016",Jan,13,Fire,DUMP - Dumpster Fire,B5,AFD,00-2403,3F,Code 3,2,"(30188225, 97764379)"
"16,003,758","2,016",Jan,13,Fire,TRASH - Trash Fire,B1,AFD,00-1003,3F,Code 3,10,"(30285369, 97772122)"
"16,003,853","2,016",Jan,13,Fire,TRASH - Trash Fire,B5,AFD,00-2401,3F,Left Blank,2,"(30187613, 97751893)"
"16,003,984","2,016",Jan,14,Fire,AUTO - Auto Fire,B2,AFD,00-4502,2F,Code 3,6,"(30477874, 97760624)"
"16,004,004","2,016",Jan,14,Fire,ELEC - Electrical Fire,B3,AFD,00-1803,3F,Code 3,4,"(30312722, 97697012)"
"16,004,012","2,016",Jan,14,Fire,ELEC - Electrical Fire,B2,AFD,00-1601,3F,Code 3,7,"(30354011, 97732189)"
"16,004,033","2,016",Jan,14,Fire,AUTO - Auto Fire,B3,AFD,00-0807,2F,Code 3,7,"(30395775, 97745819)"
"16,004,075","2,016",Jan,14,Fire,GRASS - Small Grass Fire,B5,AFD,00-2205,3F,Code 3,3,"(30219245, 97690466)"
"16,004,076","2,016",Jan,14,Fire,GRASS - Small Grass Fire,B5,AFD,00-2206,3F,Code 3,3,"(30215896, 97699564)"
"16,004,101","2,016",Jan,14,Fire,AUTO - Auto Fire,B4,AFD,00-1701,2F,Code 3,3,"(30227638, 97773438)"
"16,004,205","2,016",Jan,14,Fire,TRASH - Trash Fire,B5,AFD,00-3502,3F,Code 3,3,"(30222316, 97742147)"
"16,004,250","2,016",Jan,14,Fire,ELEC - Electrical Fire,B3,AFD,00-0804,3F,Code 3,7,"(30355163, 97715415)"
"16,004,251","2,016",Jan,14,Fire,TRASH - Trash Fire,B1,AFD,00-0101,3F,Code 3,19,"(30268695, 97733968)"
"16,004,478","2,016",Jan,15,Fire,AUTO - Auto Fire,B3,AFD,00-1403,2F,Code 3,1,"(30282989, 97727207)"
"16,004,490","2,016",Jan,15,Fire,ELEC - Electrical Fire,B4,AFD,00-1701,3F,Code 3,3,"(30222716, 97771837)"
"16,004,510","2,016",Jan,15,Fire,TRASH - Trash Fire,B2,AFD,00-3901,3F,Left Blank,6,"(30405086, 97853305)"
"16,004,525","2,016",Jan,15,Fire,TRASH - Trash Fire,B3,AFD,00-3005,3F,Code 3,4,"(30371033, 97687905)"
"16,004,539","2,016",Jan,15,Fire,ELEC - Electrical Fire,B3,AFD,00-4001,3F,Code 3,7,"(30403232, 97672444)"
"16,004,568","2,016",Jan,15,Fire,TRASH - Trash Fire,B1,AFD,00-1204,3F,Code 3,7,"(30323148, 97738304)"
"16,004,569","2,016",Jan,15,Fire,TRASH - Trash Fire,B3,AFD,00-2304,3F,Code 3,4,"(30355673, 97683941)"
"16,004,573","2,016",Jan,15,Fire,ELEC - Electrical Fire,B4,AFD,00-3209,3F,Left Blank,,"(30279896, 97836278)"
"16,004,696","2,016",Jan,16,Fire,TRASH - Trash Fire,B5,AFD,00-0701,3F,Code 1,3,"(30253502, 97723269)"
"16,004,711","2,016",Jan,16,Fire,ELEC - Electrical Fire,B3,AFD,00-0803,3F,Code 3,4,"(30355955, 97703248)"
"16,004,799","2,016",Jan,16,Fire,GRASS - Small Grass Fire,B3,AFD,00-2305,3F,Code 3,4,"(30347599, 97699283)"
"16,004,823","2,016",Jan,16,Fire,BBQ - Unsafe Cooking,B3,AFD,00-2301,4F,Code 1,4,"(30359599, 97685152)"
"16,004,825","2,016",Jan,16,Fire,BBQ - Unsafe Cooking,B5,AFD,00-2201,4F,Code 1,3,"(30232621, 97721286)"
"16,004,827","2,016",Jan,16,Fire,BBQ - Unsafe Cooking,B5,AFD,00-0501,4F,Code 1,1,"(30283012, 97681605)"
"16,004,847","2,016",Jan,16,Fire,TRASH - Trash Fire,B4,AFD,00-1101,3F,Code 1,5,"(30258749, 97782787)"
"16,004,857","2,016",Jan,16,Fire,ELEC - Electrical Fire,B4,AFD,00-3203,3F,Code 3,8,"(30259389, 97788674)"
"16,004,894","2,016",Jan,17,Fire,AUTO - Auto Fire,B1,AFD,00-0101,2F,Code 3,3,"(30262952, 97735563)"
"16,004,907","2,016",Jan,17,Fire,TRASH - Trash Fire,B4,AFD,00-2002,3F,Code 1,5,"(30194421, 97829034)"
"16,005,092","2,016",Jan,17,Fire,TRASH - Trash Fire,B5,AFD,00-3502,3F,Code 3,3,"(30226272, 97728512)"
"16,005,109","2,016",Jan,17,Fire,TRASH - Trash Fire,B4,AFD,00-1706,3F,Code 3,3,"(30230771, 97762554)"
"16,005,123","2,016",Jan,17,Fire,ELEC - Electrical Fire,B3,AFD,00-2601,3F,Code 3,1,"(30294097, 97629577)"
"16,005,145","2,016",Jan,17,Fire,DUMP - Dumpster Fire,B4,AFD,00-1705,3F,Code 3,3,"(30233463, 97777628)"
"16,005,202","2,016",Jan,18,Fire,AUTO - Auto Fire,B3,AFD,00-1803,2F,Code 3,4,"(30311754, 97708687)"
"16,005,220","2,016",Jan,18,Fire,GRASS - Small Grass Fire,B4,AFD,00-3603,3F,Code 3,5,"(30137075, 97797708)"
"16,005,290","2,016",Jan,18,Fire,AUTO - Auto Fire,B5,AFD,00-4201,2F,Code 3,2,"(30225171, 97672443)"
"16,005,363","2,016",Jan,18,Fire,TRASH - Trash Fire,B1,AFD,00-0101,3F,Code 3,3,"(30260567, 97734617)"
"16,005,394","2,016",Jan,18,Fire,TRASH - Trash Fire,B5,AFD,00-0501,3F,Other,1,"(30281006, 97684439)"
"16,005,408","2,016",Jan,18,Fire,TRASH - Trash Fire,B5,AFD,00-0502,3F,Code 3,1,"(30280198, 97696663)"
"16,005,414","2,016",Jan,18,Fire,AUTO - Auto Fire,B2,AFD,00-3304,2F,Code 3,10,"(30391818, 97746268)"
"16,005,601","2,016",Jan,19,Fire,TRASH - Trash Fire,B3,AFD,00-2801,3F,Code 3,7,"(30414464, 97689799)"
"16,005,685","2,016",Jan,19,Fire,TRASH - Trash Fire,B2,AFD,00-1603,3F,Code 3,4,"(30328828, 97715845)"
"16,005,688","2,016",Jan,19,Fire,TRASH - Trash Fire,B2,AFD,00-1601,3F,Code 3,7,"(30346841, 97724463)"
"16,005,779","2,016",Jan,20,Fire,DUMP - Dumpster Fire,B3,AFD,00-1403,3F,Code 3,9,"(30287392, 97724089)"
"16,005,885","2,016",Jan,20,Fire,TRASH - Trash Fire,B3,AFD,00-2301,3F,Code 3,4,"(30359633, 97682289)"
"16,005,952","2,016",Jan,20,Fire,TRASH - Trash Fire,B1,AFD,00-0401,3F,Other,9,"(30276599, 97755234)"
"16,006,016","2,016",Jan,20,Fire,GRASS - Small Grass Fire,B3,AFD,00-4108,3F,Code 3,1,"(30339442, 97589747)"
"16,006,040","2,016",Jan,20,Fire,TRASH - Trash Fire,B5,AFD,00-0701,3F,Code 3,3,"(30264331, 97730326)"
"16,006,074","2,016",Jan,21,Fire,AUTO - Auto Fire,B3,AFD,00-2301,2F,Code 3,4,"(30358603, 97678566)"
"16,006,267","2,016",Jan,21,Fire,DUMP - Dumpster Fire,B1,AFD,00-1003,3F,Code 3,10,"(30288142, 97772675)"
"16,006,341","2,016",Jan,21,Fire,AUTO - Auto Fire,B5,AFD,00-4209,2F,Left Blank,2,"(30169493, 97623065)"
"16,006,346","2,016",Jan,21,Fire,AUTO - Auto Fire,B3,AFD,00-0803,2F,Code 3,4,"(30363262, 97717261)"
"16,006,482","2,016",Jan,22,Fire,AUTO - Auto Fire,B3,AFD,00-0804,2F,Code 3,7,"(30353476, 97714777)"
"16,006,508","2,016",Jan,22,Fire,AUTO - Auto Fire,B2,AFD,00-3403,2F,Code 3,6,"(30478951, 97802934)"
"16,006,580","2,016",Jan,22,Fire,AUTO - Auto Fire,B4,AFD,00-1712,2F,Code 3,5,"(30235118, 97800028)"
"16,006,610","2,016",Jan,22,Fire,TRASH - Trash Fire,B3,AFD,00-2305,3F,Code 1,4,"(30353083, 97701822)"
"16,006,763","2,016",Jan,23,Fire,TRASH - Trash Fire,B3,AFD,00-3005,3F,Code 3,4,"(30375273, 97690138)"
"16,006,773","2,016",Jan,23,Fire,TRASH - Trash Fire,B4,AFD,00-3209,3F,Code 3,8,"(30283266, 97825297)"
"16,006,780","2,016",Jan,23,Fire,TRASH - Trash Fire,B1,AFD,00-0102,3F,Code 3,9,"(30264877, 97742506)"
"16,006,834","2,016",Jan,23,Fire,TRASH - Trash Fire,B5,AFD,00-4201,3F,Code 3,2,"(30206591, 97635998)"
"16,006,983","2,016",Jan,23,Fire,TRASH - Trash Fire,B5,AFD,00-2205,3F,Code 3,3,"(30221037, 97690879)"
"16,006,986","2,016",Jan,23,Fire,ELEC - Electrical Fire,B5,AFD,00-2201,3F,Code 3,3,"(30226728, 97722292)"
"16,007,075","2,016",Jan,24,Fire,TRASH - Trash Fire,B3,AFD,00-3002,3F,Code 1,7,"(30388492, 97690607)"
"16,007,136","2,016",Jan,24,Fire,TRASH - Trash Fire,B2,AFD,00-2103,3F,Code 3,10,"(30381894, 97747388)"
"16,007,146","2,016",Jan,24,Fire,TRASH - Trash Fire,B2,AFD,00-2102,3F,Code 3,10,"(30365736, 97763475)"
"16,007,166","2,016",Jan,24,Fire,TRASH - Trash Fire,B5,AFD,00-4201,3F,Code 3,2,"(30222797, 97664369)"
"16,007,169","2,016",Jan,24,Fire,TRASH - Trash Fire,B2,AFD,00-3303,3F,Code 3,10,"(30402116, 97767348)"
"16,007,180","2,016",Jan,24,Fire,DUMP - Dumpster Fire,B2,AFD,00-2103,3F,Code 3,10,"(30385905, 97765272)"
"16,007,191","2,016",Jan,24,Fire,TRASH - Trash Fire,B5,AFD,00-2201,3F,Code 3,3,"(30226728, 97722292)"
"16,007,233","2,016",Jan,24,Fire,BBQ - Unsafe Cooking,B3,AFD,00-0803,4F,Code 3,4,"(30355955, 97703248)"
"16,007,250","2,016",Jan,24,Fire,AUTO - Auto Fire,B3,AFD,00-2601,2F,Code 3,1,"(30295816, 97628216)"
"16,007,259","2,016",Jan,24,Fire,TRASH - Trash Fire,B4,AFD,00-3601,3F,Code 3,2,"(30175788, 97780798)"
"16,007,294","2,016",Jan,25,Fire,TRASH - Trash Fire,B5,AFD,00-4204,3F,Left Blank,2,"(30201882, 97638247)"
"16,007,364","2,016",Jan,25,Fire,GRASS - Small Grass Fire,B4,AFD,00-1708,3F,Code 3,3,"(30216444, 97757753)"
"16,007,377","2,016",Jan,25,Fire,ELEC - Electrical Fire,B2,AFD,00-3810,3F,Code 3,6,"(30460882, 97767191)"
"16,007,622","2,016",Jan,26,Fire,TRASH - Trash Fire,B2,AFD,00-2501,3F,Code 3,6,"(30426064, 97748897)"
"16,007,821","2,016",Jan,26,Fire,ELEC - Electrical Fire,B3,AFD,00-1401,3F,Code 3,9,"(30297009, 97688131)"
"16,007,919","2,016",Jan,27,Fire,ELEC - Electrical Fire,B3,AFD,00-2304,3F,Code 3,4,"(30352067, 97678101)"
"16,007,954","2,016",Jan,27,Fire,TRASH - Trash Fire,B5,AFD,00-2403,3F,Code 3,2,"(30188225, 97764379)"
"16,007,990","2,016",Jan,27,Fire,AUTO - Auto Fire,B3,AFD,00-4002,2F,Code 3,1,"(30376925, 97636117)"
"16,008,004","2,016",Jan,27,Fire,ELEC - Electrical Fire,B5,AFD,00-0501,3F,Code 1,1,"(30283051, 97681687)"
"16,008,054","2,016",Jan,27,Fire,ELEC - Electrical Fire,B4,AFD,00-4302,3F,Code 3,8,"(30192658, 97916377)"
"16,008,086","2,016",Jan,27,Fire,AUTO - Auto Fire,B2,AFD,00-3908,2F,Code 3,10,"(30392756, 97841892)"
"16,008,093","2,016",Jan,27,Fire,GRASS - Small Grass Fire,B5,AFD,00-3502,3F,Code 3,3,"(30221127, 97731718)"
"16,008,105","2,016",Jan,27,Fire,ELEC - Electrical Fire,B2,AFD,00-3105,3F,Code 3,10,"(30345678, 97799759)"
"16,008,145","2,016",Jan,27,Fire,AUTO - Auto Fire,B3,AFD,00-1404,2F,Code 3,9,"(30299696, 97716222)"
"16,008,218","2,016",Jan,28,Fire,TRASH - Trash Fire,B3,AFD,00-1802,3F,Code 3,1,"(30298433, 97676845)"
"16,008,403","2,016",Jan,28,Fire,AUTO - Auto Fire,B2,AFD,00-2502,2F,Code 3,6,"(30412233, 97745388)"
"16,008,404","2,016",Jan,28,Fire,TRASH - Trash Fire,B5,AFD,00-0501,3F,Code 3,1,"(30278372, 97671971)"
"16,008,447","2,016",Jan,28,Fire,AUTO - Auto Fire,B3,AFD,00-1405,2F,Code 3,9,"(30299921, 97716618)"
"16,008,453","2,016",Jan,28,Fire,TRASH - Trash Fire,B3,AFD,00-2601,3F,Code 3,1,"(30298534, 97644645)"
"16,008,456","2,016",Jan,28,Fire,AUTO - Auto Fire,B3,AFD,00-1401,2F,Code 3,9,"(30303832, 97698939)"
"16,008,490","2,016",Jan,28,Fire,TRASH - Trash Fire,B5,AFD,00-0702,3F,Code 1,3,"(30254392, 97716751)"
"16,008,598","2,016",Jan,29,Fire,GRASS - Small Grass Fire,B1,AFD,00-0401,3F,Code 3,9,"(30276486, 97767757)"
"16,008,603","2,016",Jan,29,Fire,AUTO - Auto Fire,B3,AFD,00-1803,2F,Code 3,1,"(30319983, 97701321)"
"16,008,644","2,016",Jan,29,Fire,TRASH - Trash Fire,B1,AFD,00-0201,3F,Other,9,"(30281908, 97742533)"
"16,008,645","2,016",Jan,29,Fire,GRASS - Small Grass Fire,No data,AFD,,3F,Code 3,,"(30282407, 97743858)"
"16,008,685","2,016",Jan,29,Fire,AUTO - Auto Fire,B3,AFD,00-1804,2F,Code 3,4,"(30336166, 97695831)"
"16,008,694","2,016",Jan,29,Fire,TRASH - Trash Fire,B1,AFD,00-0102,3F,Code 3,9,"(30268417, 97744128)"
"16,008,747","2,016",Jan,29,Fire,TRASH - Trash Fire,B5,AFD,00-2205,3F,Code 3,3,"(30229669, 97694768)"
"16,008,753","2,016",Jan,29,Fire,GRASS - Small Grass Fire,B3,AFD,00-2803,3F,Code 3,7,"(30408983, 97683403)"
"16,008,778","2,016",Jan,29,Fire,TRASH - Trash Fire,B5,AFD,00-0701,3F,Code 3,3,"(30252663, 97726843)"
"16,008,781","2,016",Jan,29,Fire,TRASH - Trash Fire,B2,AFD,00-3802,3F,Code 3,6,"(30457409, 97801728)"
"16,008,799","2,016",Jan,29,Fire,AUTO - Auto Fire,B5,AFD,00-2202,2F,Code 3,3,"(30235454, 97724774)"
"16,008,807","2,016",Jan,29,Fire,GRASS - Small Grass Fire,B2,AFD,00-1903,3F,Code 3,10,"(30352971, 97757926)"
"16,009,052","2,016",Jan,30,Fire,BBQ - Unsafe Cooking,B4,AFD,00-3610,4F,Code 1,5,"(30166201, 97780724)"
"16,009,094","2,016",Jan,30,Fire,AUTO - Auto Fire,B5,AFD,00-2402,2F,Code 3,2,"(30205303, 97757959)"
"16,009,111","2,016",Jan,30,Fire,TRASH - Trash Fire,B5,AFD,00-0701,3F,Code 3,3,"(30253576, 97726456)"
"16,009,200","2,016",Jan,31,Fire,AUTO - Auto Fire,B4,AFD,00-2703,2F,Code 3,8,"(30236739, 97833238)"
"16,009,264","2,016",Jan,31,Fire,BBQ - Unsafe Cooking,B5,AFD,00-2201,4F,Code 1,3,"(30232621, 97721286)"
"16,009,358","2,016",Jan,31,Fire,AUTO - Auto Fire,B3,AFD,00-2301,2F,Code 3,1,"(30375077, 97677241)"
"16,009,360","2,016",Jan,31,Fire,AUTO - Auto Fire,B3,AFD,00-2801,2F,Code 3,7,"(30412656, 97689189)"
"16,009,402","2,016",Jan,31,Fire,ELEC - Electrical Fire,B4,AFD,00-2903,3F,Code 3,5,"(30192016, 97835628)"
"16,009,658","2,016",Feb,1,Fire,TRASH - Trash Fire,B4,AFD,00-1703,3F,Code 3,5,"(30223867, 97780361)"
"16,009,659","2,016",Feb,1,Fire,TRASH - Trash Fire,B1,AFD,00-1206,3F,Code 1,10,"(30310168, 97748523)"
"16,009,700","2,016",Feb,1,Fire,TRASH - Trash Fire,B3,AFD,00-1802,3F,Code 3,1,"(30306468, 97680057)"
"16,009,736","2,016",Feb,2,Fire,ELEC - Electrical Fire,B4,AFD,00-3608,3F,Code 1,5,"(30158815, 97781598)"
"16,009,844","2,016",Feb,2,Fire,TRASH - Trash Fire,B2,AFD,00-1602,3F,Code 3,4,"(30343603, 97705222)"
"16,009,856","2,016",Feb,2,Fire,TRASH - Trash Fire,B3,AFD,00-2303,3F,Code 3,1,"(30340072, 97676723)"
"16,009,867","2,016",Feb,2,Fire,TRASH - Trash Fire,B4,AFD,00-1101,3F,Code 3,5,"(30249589, 97776974)"
"16,010,032","2,016",Feb,3,Fire,GRASS - Small Grass Fire,B3,AFD,00-1802,3F,Code 3,1,"(30308986, 97669063)"
"16,010,189","2,016",Feb,3,Fire,TRASH - Trash Fire,B1,AFD,00-0102,3F,Code 3,9,"(30270575, 97744488)"
"16,010,305","2,016",Feb,3,Fire,ELEC - Electrical Fire,B4,AFD,00-3607,3F,Code 1,2,"(30191998, 97775475)"
"16,010,322","2,016",Feb,3,Fire,TRASH - Trash Fire,B1,AFD,00-0401,3F,Code 3,9,"(30266088, 97753819)"
"16,010,547","2,016",Feb,4,Fire,TRASH - Trash Fire,B2,AFD,00-1605,3F,Code 3,7,"(30329055, 97727922)"
"16,010,579","2,016",Feb,4,Fire,AUTO - Auto Fire,B2,AFD,00-3303,2F,Code 3,10,"(30388227, 97757517)"
"16,010,645","2,016",Feb,4,Fire,BBQ - Unsafe Cooking,B5,AFD,00-0502,4F,Code 1,3,"(30270192, 97696436)"
"16,010,654","2,016",Feb,4,Fire,TRASH - Trash Fire,B4,AFD,00-2902,3F,Code 3,5,"(30203273, 97827272)"
"16,010,738","2,016",Feb,5,Fire,AUTO - Auto Fire,B4,AFD,00-2002,2F,Code 3,5,"(30199291, 97822221)"
"16,010,837","2,016",Feb,5,Fire,ELEC - Electrical Fire,B3,AFD,00-3001,3F,Code 3,4,"(30389147, 97716829)"
"16,010,893","2,016",Feb,5,Fire,TRASH - Trash Fire,B5,AFD,00-3504,3F,Code 3,2,"(30213031, 97689653)"
"16,010,931","2,016",Feb,5,Fire,DUMP - Dumpster Fire,B5,AFD,00-2203,3F,Code 3,3,"(30236397, 97717957)"
"16,010,952","2,016",Feb,5,Fire,TRASH - Trash Fire,B2,AFD,00-2502,3F,Code 3,7,"(30399232, 97733692)"
"16,010,988","2,016",Feb,5,Fire,TRASH - Trash Fire,B1,AFD,00-0301,3F,Code 3,9,"(30290146, 97749159)"
"16,010,989","2,016",Feb,5,Fire,DUMP - Dumpster Fire,B5,AFD,00-2202,3F,Code 3,3,"(30238844, 97730358)"
"16,010,992","2,016",Feb,5,Fire,BBQ - Unsafe Cooking,B5,AFD,00-2204,4F,Code 3,3,"(30228537, 97706986)"
"16,010,994","2,016",Feb,5,Fire,BBQ - Unsafe Cooking,B4,AFD,00-2902,4F,Code 1,5,"(30198671, 97840054)"
"16,011,013","2,016",Feb,5,Fire,AUTO - Auto Fire,B5,AFD,00-2202,2F,Code 3,3,"(30244265, 97729948)"
"16,011,041","2,016",Feb,6,Fire,AUTO - Auto Fire,B5,AFD,00-1501,2F,Code 3,3,"(30263604, 97685801)"
"16,011,095","2,016",Feb,6,Fire,TRASH - Trash Fire,B4,AFD,00-2006,3F,Code 3,5,"(30192787, 97803094)"
"16,011,215","2,016",Feb,6,Fire,GRASS - Small Grass Fire,B3,AFD,00-2606,3F,Code 3,1,"(30291221, 97638689)"
"16,011,234","2,016",Feb,6,Fire,ELEC - Electrical Fire,B5,AFD,00-0603,3F,Code 3,9,"(30243593, 97761587)"
"16,011,256","2,016",Feb,6,Fire,TRASH - Trash Fire,B3,AFD,00-3002,3F,Code 1,7,"(30395731, 97692685)"
"16,011,272","2,016",Feb,6,Fire,AUTO - Auto Fire,B4,AFD,00-3201,2F,Left Blank,8,"(30262467, 97807888)"
"16,011,478","2,016",Feb,7,Fire,GRASS - Small Grass Fire,B4,AFD,00-3602,3F,Left Blank,5,"(30111464, 97807317)"
"16,011,479","2,016",Feb,7,Fire,GRASS - Small Grass Fire,B4,AFD,00-3603,3F,Code 3,5,"(30131756, 97799779)"
"16,011,531","2,016",Feb,7,Fire,ELEC - Electrical Fire,B3,AFD,00-2305,3F,Code 3,4,"(30349592, 97702046)"
"16,011,532","2,016",Feb,7,Fire,AUTO - Auto Fire,B3,AFD,00-0805,2F,Code 3,7,"(30366127, 97734164)"
"16,011,574","2,016",Feb,7,Fire,AUTO - Auto Fire,B3,AFD,00-4005,2F,Left Blank,7,"(30444063, 97667388)"
"16,011,605","2,016",Feb,7,Fire,TRASH - Trash Fire,B5,AFD,00-0502,3F,Code 1,1,"(30283234, 97692808)"
"16,011,617","2,016",Feb,7,Fire,BBQ - Unsafe Cooking,B3,AFD,00-4001,4F,Code 3,7,"(30398738, 97664745)"
"16,011,721","2,016",Feb,8,Fire,TRASH - Trash Fire,B1,AFD,00-1206,3F,Code 3,10,"(30319208, 97754304)"
"16,011,795","2,016",Feb,8,Fire,AUTO - Auto Fire,B3,AFD,00-2801,2F,Code 3,7,"(30425459, 97674149)"
"16,011,813","2,016",Feb,8,Fire,TRASH - Trash Fire,B3,AFD,00-0805,3F,Code 1,7,"(30366153, 97738205)"
"16,011,846","2,016",Feb,8,Fire,GRASS - Small Grass Fire,B5,AFD,00-1504,3F,Code 3,1,"(30275663, 97707742)"
"16,011,878","2,016",Feb,8,Fire,TRASH - Trash Fire,B4,AFD,00-3606,3F,Code 3,25,"(30191973, 97794197)"
"16,011,927","2,016",Feb,8,Fire,BBQ - Unsafe Cooking,B4,AFD,00-3607,4F,Code 3,2,"(30192018, 97775425)"
"16,011,963","2,016",Feb,8,Fire,ELEC - Electrical Fire,B5,AFD,00-2204,3F,Code 3,3,"(30235169, 97698572)"
"16,011,969","2,016",Feb,8,Fire,DUMP - Dumpster Fire,B1,AFD,00-0202,3F,Code 3,9,"(30278216, 97744059)"
"16,011,976","2,016",Feb,8,Fire,AUTO - Auto Fire,B3,AFD,00-2301,2F,Code 3,1,"(30375077, 97677241)"
"16,011,998","2,016",Feb,8,Fire,TRASH - Trash Fire,B1,AFD,00-0201,3F,Code 3,9,"(30285369, 97746513)"
"16,012,010","2,016",Feb,9,Fire,TRASH - Trash Fire,B4,AFD,00-3611,3F,Code 3,2,"(30171528, 97782699)"
"16,012,056","2,016",Feb,9,Fire,TRASH - Trash Fire,B3,AFD,00-1404,3F,Code 3,9,"(30293025, 97716061)"
"16,012,072","2,016",Feb,9,Fire,TRASH - Trash Fire,B4,AFD,00-1102,3F,Code 3,5,"(30238496, 97773675)"
"16,012,159","2,016",Feb,9,Fire,AUTO - Auto Fire,B3,AFD,00-0803,2F,Code 3,4,"(30352111, 97707269)"
"16,012,247","2,016",Feb,9,Fire,ELEC - Electrical Fire,B5,AFD,00-2201,3F,Code 3,3,"(30226897, 97726456)"
"16,012,319","2,016",Feb,10,Fire,ELEC - Electrical Fire,B4,AFD,00-1101,3F,Code 3,5,"(30255621, 97760586)"
"16,012,506","2,016",Feb,10,Fire,GRASS - Small Grass Fire,B2,AFD,00-3106,3F,Code 3,10,"(30327604, 97811132)"
"16,012,549","2,016",Feb,10,Fire,BBQ - Unsafe Cooking,B5,AFD,00-2401,4F,Code 1,2,"(30191283, 97731155)"
"16,012,724","2,016",Feb,11,Fire,AUTO - Auto Fire,B5,AFD,00-0601,2F,Code 3,9,"(30238795, 97753554)"
"16,012,739","2,016",Feb,11,Fire,AUTO - Auto Fire,B3,AFD,00-3003,2F,Code 3,17,"(30378332, 97675799)"
"16,012,854","2,016",Feb,11,Fire,AUTO - Auto Fire,B5,AFD,00-2202,2F,Code 3,39,"(30244824, 97730434)"
"16,012,916","2,016",Feb,11,Fire,TRASH - Trash Fire,B5,AFD,00-0604,3F,Code 3,9,"(30259109, 97752134)"
"16,012,936","2,016",Feb,11,Fire,TRASH - Trash Fire,B5,AFD,00-0701,3F,Code 3,3,"(30254591, 97723331)"
"16,012,953","2,016",Feb,11,Fire,BBQ - Unsafe Cooking,B2,AFD,00-2502,4F,Code 1,6,"(30408237, 97744716)"
"16,012,980","2,016",Feb,11,Fire,AUTO - Auto Fire,B5,AFD,00-0603,2F,Code 3,5,"(30246345, 97769121)"
"16,013,051","2,016",Feb,12,Fire,TRASH - Trash Fire,B5,AFD,00-2402,3F,Code 3,2,"(30204889, 97752915)"
"16,013,175","2,016",Feb,12,Fire,ELEC - Electrical Fire,B5,AFD,00-4205,3F,Code 3,2,"(30202202, 97666326)"
"16,013,184","2,016",Feb,12,Fire,TRASH - Trash Fire,B1,AFD,00-0102,3F,Code 1,9,"(30264877, 97742506)"
"16,013,226","2,016",Feb,12,Fire,BBQ - Unsafe Cooking,B5,AFD,00-2201,4F,Code 1,3,"(30226728, 97722292)"
"16,013,229","2,016",Feb,12,Fire,TRASH - Trash Fire,B1,AFD,00-0401,3F,Code 3,9,"(30274001, 97749331)"
"16,013,249","2,016",Feb,12,Fire,TRASH - Trash Fire,B3,AFD,00-2306,3F,Code 1,4,"(30357763, 97691557)"
"16,013,264","2,016",Feb,12,Fire,BBQ - Unsafe Cooking,B1,AFD,00-0901,4F,Code 1,9,"(30306634, 97727147)"
"16,013,266","2,016",Feb,12,Fire,BBQ - Unsafe Cooking,B5,AFD,00-3502,4F,Code 1,3,"(30224767, 97746064)"
"16,013,279","2,016",Feb,12,Fire,TRASH - Trash Fire,B5,AFD,00-0501,3F,Code 3,3,"(30271423, 97690132)"
"16,013,294","2,016",Feb,12,Fire,GRASS - Small Grass Fire,B2,AFD,00-3901,3F,Code 3,6,"(30405075, 97848778)"
"16,013,343","2,016",Feb,12,Fire,DUMP - Dumpster Fire,B4,AFD,00-1706,3F,Code 3,3,"(30230574, 97766477)"
"16,013,479","2,016",Feb,13,Fire,TRASH - Trash Fire,B3,AFD,00-4101,3F,Code 3,1,"(30349685, 97612434)"
"16,013,553","2,016",Feb,13,Fire,ELEC - Electrical Fire,B4,AFD,00-3606,3F,Code 3,2,"(30185778, 97781233)"
"16,013,574","2,016",Feb,13,Fire,AUTO - Auto Fire,B4,AFD,00-2706,2F,Code 3,8,"(30231995, 97877098)"
"16,013,583","2,016",Feb,13,Fire,GRASS - Small Grass Fire,B4,AFD,00-2002,3F,Code 3,5,"(30202154, 97809894)"
"16,013,628","2,016",Feb,13,Fire,BBQ - Unsafe Cooking,B3,AFD,00-1803,4F,Code 1,1,"(30318699, 97702626)"
"16,013,645","2,016",Feb,13,Fire,TRASH - Trash Fire,B1,AFD,00-0202,3F,Code 3,9,"(30278228, 97744311)"
"16,013,725","2,016",Feb,14,Fire,ELEC - Electrical Fire,B5,AFD,00-2401,3F,Code 3,2,"(30191283, 97731155)"
"16,013,883","2,016",Feb,14,Fire,TRASH - Trash Fire,B5,AFD,00-0601,3F,Code 3,9,"(30240782, 97749592)"
"16,013,888","2,016",Feb,14,Fire,GRASS - Small Grass Fire,B3,AFD,00-2306,3F,Code 3,4,"(30353943, 97691133)"
"16,013,958","2,016",Feb,14,Fire,GRASS - Small Grass Fire,B1,AFD,00-1201,3F,Code 3,7,"(30320927, 97746995)"
"16,013,965","2,016",Feb,14,Fire,TRASH - Trash Fire,B5,AFD,00-2205,3F,Code 3,3,"(30228092, 97692258)"
"16,013,983","2,016",Feb,14,Fire,ELEC - Electrical Fire,B5,AFD,00-2201,3F,Code 3,3,"(30225885, 97720246)"
"16,014,107","2,016",Feb,15,Fire,AUTO - Auto Fire,B4,AFD,00-1707,2F,Code 3,3,"(30223491, 97747691)"
"16,014,239","2,016",Feb,15,Fire,GRASS - Small Grass Fire,B3,AFD,00-2803,3F,Code 3,7,"(30411388, 97686689)"
"16,014,268","2,016",Feb,15,Fire,TRASH - Trash Fire,B3,AFD,00-2301,3F,Code 3,14,"(30350775, 97675987)"
"16,014,271","2,016",Feb,15,Fire,GRASS - Small Grass Fire,B5,AFD,00-2201,3F,Code 3,3,"(30229761, 97721399)"
"16,014,275","2,016",Feb,15,Fire,TRASH - Trash Fire,B5,AFD,00-2402,3F,Left Blank,2,"(30197285, 97750545)"
"16,014,293","2,016",Feb,15,Fire,TRASH - Trash Fire,B3,AFD,00-2801,3F,Code 3,7,"(30439531, 97698093)"
"16,014,354","2,016",Feb,16,Fire,BBQ - Unsafe Cooking,B3,AFD,00-1804,4F,Code 1,4,"(30332368, 97703825)"
"16,014,428","2,016",Feb,16,Fire,GRASS - Small Grass Fire,B3,AFD,00-2608,3F,Code 3,,"(30308105, 97643125)"
"16,014,460","2,016",Feb,16,Fire,AUTO - Auto Fire,B4,AFD,00-3208,2F,Left Blank,8,"(30275669, 97816724)"
"16,014,473","2,016",Feb,16,Fire,DUMP - Dumpster Fire,B3,AFD,00-2304,3F,Code 3,4,"(30354368, 97685714)"
"16,014,482","2,016",Feb,16,Fire,GRASS - Small Grass Fire,B2,AFD,00-3403,3F,Code 3,6,"(30476859, 97807199)"
"16,014,534","2,016",Feb,16,Fire,GRASS - Small Grass Fire,B2,AFD,00-4402,3F,Code 3,6,"(30435137, 97770386)"
"16,014,609","2,016",Feb,16,Fire,AUTO - Auto Fire,B2,AFD,00-3802,2F,Code 3,6,"(30453652, 97791741)"
"16,014,678","2,016",Feb,16,Fire,TRASH - Trash Fire,B5,AFD,00-0502,3F,Code 3,1,"(30281189, 97692852)"
"16,014,736","2,016",Feb,17,Fire,DUMP - Dumpster Fire,B3,AFD,00-3001,3F,Code 3,4,"(30369967, 97693125)"
"16,014,802","2,016",Feb,17,Fire,ELEC - Electrical Fire,B2,AFD,00-2501,3F,Code 3,6,"(30417967, 97743043)"
"16,014,831","2,016",Feb,17,Fire,GRASS - Small Grass Fire,B4,AFD,00-3604,3F,Code 3,5,"(30163289, 97800709)"
"16,014,837","2,016",Feb,17,Fire,GRASS - Small Grass Fire,B4,AFD,00-3604,3F,Code 3,5,"(30163289, 97800709)"
"16,014,850","2,016",Feb,17,Fire,TRASH - Trash Fire,B1,AFD,00-0903,3F,Code 3,79,"(30321087, 97729393)"
"16,014,864","2,016",Feb,17,Fire,AUTO - Auto Fire,B3,AFD,00-0805,2F,Code 3,7,"(30361847, 97729343)"
"16,014,923","2,016",Feb,17,Fire,TRASH - Trash Fire,B5,AFD,00-2403,3F,Code 3,2,"(30180115, 97766764)"
"16,015,033","2,016",Feb,17,Fire,TRASH - Trash Fire,B5,AFD,00-0701,3F,Code 3,3,"(30260314, 97727748)"
"16,015,135","2,016",Feb,18,Fire,GRASS - Small Grass Fire,B2,AFD,00-3401,3F,Code 1,6,"(30458624, 97790229)"
"16,015,271","2,016",Feb,18,Fire,ELEC - Electrical Fire,B5,AFD,00-2404,3F,Left Blank,2,"(30158307, 97741904)"
"16,015,298","2,016",Feb,18,Fire,GRASS - Small Grass Fire,B2,AFD,00-2502,3F,Code 3,6,"(30413713, 97745428)"
"16,015,384","2,016",Feb,19,Fire,GRASS - Small Grass Fire,B3,AFD,00-1401,3F,Code 3,9,"(30305956, 97707488)"
"16,015,389","2,016",Feb,19,Fire,GRASS - Small Grass Fire,B1,AFD,00-0101,3F,Code 3,3,"(30264746, 97731549)"
"16,015,394","2,016",Feb,19,Fire,GRASS - Small Grass Fire,B3,AFD,00-4005,3F,Code 3,7,"(30429964, 97668361)"
"16,015,405","2,016",Feb,19,Fire,TRASH - Trash Fire,B2,AFD,00-3404,3F,Code 3,6,"(30474355, 97796507)"
"16,015,415","2,016",Feb,19,Fire,TRASH - Trash Fire,B2,AFD,00-3901,3F,Code 3,6,"(30399536, 97850806)"
"16,015,659","2,016",Feb,19,Fire,AUTO - Auto Fire,B3,AFD,00-2805,2F,Code 3,7,"(30392987, 97726704)"
"16,015,725","2,016",Feb,19,Fire,ELEC - Electrical Fire,B4,AFD,00-2704,3F,Code 3,8,"(30234455, 97823599)"
"16,015,752","2,016",Feb,20,Fire,ELEC - Electrical Fire,B3,AFD,00-2303,3F,Code 3,1,"(30337827, 97661452)"
"16,015,775","2,016",Feb,20,Fire,TRASH - Trash Fire,B4,AFD,00-1707,3F,Code 3,3,"(30225913, 97762265)"
"16,015,779","2,016",Feb,20,Fire,GRASS - Small Grass Fire,B4,AFD,00-1707,3F,Code 3,3,"(30225913, 97762265)"
"16,015,793","2,016",Feb,20,Fire,AUTO - Auto Fire,B2,AFD,00-4401,2F,Code 3,6,"(30436971, 97775373)"
"16,015,832","2,016",Feb,20,Fire,BBQ - Unsafe Cooking,B3,AFD,00-4001,4F,Code 1,1,"(30390033, 97646857)"
"16,015,933","2,016",Feb,20,Fire,TRASH - Trash Fire,B3,AFD,00-4003,3F,Code 3,1,"(30369521, 97666527)"
"16,015,943","2,016",Feb,20,Fire,ELEC - Electrical Fire,B4,AFD,00-2903,3F,Code 3,5,"(30184093, 97824372)"
"16,015,968","2,016",Feb,20,Fire,TRASH - Trash Fire,B4,AFD,00-1703,3F,Code 1,5,"(30223867, 97780361)"
"16,016,137","2,016",Feb,21,Fire,ELEC - Electrical Fire,B3,AFD,00-3001,3F,Code 1,4,"(30370658, 97701938)"
"16,016,303","2,016",Feb,21,Fire,DUMP - Dumpster Fire,B1,AFD,00-0303,3F,Code 3,9,"(30292634, 97725805)"
"16,016,350","2,016",Feb,21,Fire,AUTO - Auto Fire,B3,AFD,00-2301,2F,Code 3,4,"(30365199, 97683252)"
"16,020,369","2,016",Mar,5,Fire,GRASS - Small Grass Fire,B3,AFD,00-2805,3F,Code 3,7,"(30400199, 97725057)"
"16,020,404","2,016",Mar,5,Fire,GRASS - Small Grass Fire,B2,AFD,00-2501,3F,Code 3,6,"(30434488, 97769056)"
"16,020,450","2,016",Mar,5,Fire,ELEC - Electrical Fire,B5,AFD,00-1501,3F,Code 1,3,"(30261769, 97676306)"
"16,020,523","2,016",Mar,5,Fire,ELEC - Electrical Fire,B3,AFD,00-2303,3F,Code 3,1,"(30332567, 97685557)"
"16,020,531","2,016",Mar,5,Fire,TRASH - Trash Fire,B3,AFD,00-3001,3F,Code 1,4,"(30374166, 97702513)"
"16,020,589","2,016",Mar,5,Fire,AUTO - Auto Fire,B4,AFD,00-3607,2F,Code 3,2,"(30180519, 97777377)"
"16,020,596","2,016",Mar,5,Fire,AUTO - Auto Fire,B5,AFD,00-2402,2F,Code 3,2,"(30198195, 97763657)"
"16,020,621","2,016",Mar,5,Fire,TRASH - Trash Fire,B4,AFD,00-1703,3F,Code 3,5,"(30222766, 97781074)"
"16,016,537","2,016",Feb,22,Fire,GRASS - Small Grass Fire,B3,AFD,00-1804,3F,Code 3,4,"(30333803, 97695941)"
"16,020,729","2,016",Mar,6,Fire,DUMP - Dumpster Fire,B5,AFD,00-0502,3F,Code 3,3,"(30271324, 97691861)"
"16,016,611","2,016",Feb,22,Fire,TRASH - Trash Fire,B4,AFD,00-2004,3F,Code 3,5,"(30212462, 97802372)"
"16,016,835","2,016",Feb,23,Fire,TRASH - Trash Fire,B3,AFD,00-3004,3F,Code 3,1,"(30382991, 97670498)"
"16,016,852","2,016",Feb,23,Fire,ELEC - Electrical Fire,B1,AFD,00-0401,3F,Code 3,9,"(30271993, 97758005)"
"16,020,827","2,016",Mar,6,Fire,TRASH - Trash Fire,B4,AFD,00-1104,3F,Code 3,5,"(30260873, 97758521)"
"16,016,975","2,016",Feb,23,Fire,ELEC - Electrical Fire,B3,AFD,00-0804,3F,Code 3,7,"(30352882, 97724005)"
"16,017,028","2,016",Feb,24,Fire,TRASH - Trash Fire,B5,AFD,00-2401,3F,Code 3,2,"(30191283, 97731155)"
"16,020,892","2,016",Mar,6,Fire,ELEC - Electrical Fire,B1,AFD,00-0102,3F,Code 1,9,"(30274303, 97746714)"
"16,017,057","2,016",Feb,24,Fire,ELEC - Electrical Fire,B3,AFD,00-4001,3F,Code 3,7,"(30393945, 97655899)"
"16,017,084","2,016",Feb,24,Fire,ELEC - Electrical Fire,B2,AFD,00-3102,3F,Code 3,10,"(30391816, 97802693)"
"16,017,110","2,016",Feb,24,Fire,AUTO - Auto Fire,B4,AFD,00-3604,2F,Code 3,2,"(30167197, 97790934)"
"16,020,919","2,016",Mar,6,Fire,BBQ - Unsafe Cooking,B3,AFD,00-1801,4F,Code 1,1,"(30321614, 97679167)"
"16,017,233","2,016",Feb,24,Fire,AUTO - Auto Fire,B1,AFD,00-0401,2F,Code 3,9,"(30276589, 97769184)"
"16,017,238","2,016",Feb,24,Fire,TRASH - Trash Fire,B3,AFD,00-1805,3F,Code 3,1,"(30324392, 97689466)"
"16,020,943","2,016",Mar,6,Fire,TRASH - Trash Fire,B3,AFD,00-2606,3F,Code 3,1,"(30302555, 97659733)"
"16,020,948","2,016",Mar,6,Fire,AUTO - Auto Fire,B3,AFD,00-0807,2F,Code 3,7,"(30389073, 97743949)"
"16,020,952","2,016",Mar,6,Fire,TRASH - Trash Fire,B3,AFD,00-2607,3F,Code 3,1,"(30304028, 97660981)"
"16,020,962","2,016",Mar,6,Fire,TRASH - Trash Fire,B1,AFD,00-0201,3F,Code 1,9,"(30282588, 97740912)"
"16,020,967","2,016",Mar,6,Fire,AUTO - Auto Fire,B4,AFD,00-3611,2F,Code 3,2,"(30177144, 97778939)"
"16,017,306","2,016",Feb,24,Fire,TRASH - Trash Fire,B1,AFD,00-0401,3F,Code 3,10,"(30277136, 97769865)"
"16,017,345","2,016",Feb,25,Fire,DUMP - Dumpster Fire,B4,AFD,00-1707,3F,Code 3,3,"(30219201, 97755821)"
"16,021,030","2,016",Mar,7,Fire,TRASH - Trash Fire,B4,AFD,00-3607,3F,Code 3,2,"(30181124, 97777294)"
"16,021,118","2,016",Mar,7,Fire,TRASH - Trash Fire,B3,AFD,00-3005,3F,Code 3,4,"(30368781, 97693785)"
"16,021,167","2,016",Mar,7,Fire,ELEC - Electrical Fire,B4,AFD,00-1709,3F,Code 3,3,"(30212268, 97770617)"
"16,017,425","2,016",Feb,25,Fire,ELEC - Electrical Fire,B2,AFD,00-3304,3F,Code 3,10,"(30393334, 97749833)"
"16,017,434","2,016",Feb,25,Fire,GRASS - Small Grass Fire,B1,AFD,00-0301,3F,Code 3,9,"(30291729, 97745925)"
"16,017,445","2,016",Feb,25,Fire,TRASH - Trash Fire,B5,AFD,00-0503,3F,Code 3,9,"(30289198, 97698333)"
"16,017,538","2,016",Feb,25,Fire,TRASH - Trash Fire,B3,AFD,00-3004,3F,Code 3,1,"(30382991, 97670498)"
"16,017,546","2,016",Feb,25,Fire,TRASH - Trash Fire,B4,AFD,00-1703,3F,Code 3,5,"(30219689, 97786103)"
"16,017,602","2,016",Feb,25,Fire,ELEC - Electrical Fire,B2,AFD,00-1601,3F,Code 3,7,"(30342742, 97734612)"
"16,017,632","2,016",Feb,25,Fire,TRASH - Trash Fire,B3,AFD,00-4001,3F,Code 3,17,"(30403591, 97638453)"
"16,017,637","2,016",Feb,25,Fire,ELEC - Electrical Fire,B3,AFD,00-3004,3F,Code 3,1,"(30382862, 97671563)"
"16,021,307","2,016",Mar,7,Fire,ELEC - Electrical Fire,B5,AFD,00-2202,3F,Code 3,3,"(30238785, 97726066)"
"16,017,664","2,016",Feb,25,Fire,AUTO - Auto Fire,B3,AFD,00-0806,2F,Code 3,7,"(30380935, 97724638)"
"16,017,676","2,016",Feb,26,Fire,DUMP - Dumpster Fire,B1,AFD,00-0101,3F,Code 3,9,"(30267068, 97739335)"
"16,017,717","2,016",Feb,26,Fire,ELEC - Electrical Fire,B2,AFD,00-3810,3F,Code 3,6,"(30459531, 97767792)"
"16,021,313","2,016",Mar,7,Fire,TRASH - Trash Fire,B1,AFD,00-0303,3F,Code 3,9,"(30290869, 97726767)"
"16,017,740","2,016",Feb,26,Fire,AUTO - Auto Fire,B2,AFD,00-3102,2F,Code 3,10,"(30369572, 97802041)"
"16,017,801","2,016",Feb,26,Fire,ELEC - Electrical Fire,B5,AFD,00-0504,3F,Code 3,1,"(30286741, 97671501)"
"16,017,828","2,016",Feb,26,Fire,DUMP - Dumpster Fire,B2,AFD,00-3901,3F,Code 3,6,"(30419489, 97845993)"
"16,017,839","2,016",Feb,26,Fire,GRASS - Small Grass Fire,B3,AFD,00-4002,3F,Code 3,1,"(30375324, 97630764)"
"16,017,855","2,016",Feb,26,Fire,GRASS - Small Grass Fire,B3,AFD,00-4002,3F,Left Blank,1,"(30384694, 97644888)"
"16,021,623","2,016",Mar,8,Fire,ELEC - Electrical Fire,B4,AFD,00-3611,3F,Code 3,2,"(30171528, 97782699)"
"16,017,881","2,016",Feb,26,Fire,ELEC - Electrical Fire,B2,AFD,00-3401,3F,Code 3,6,"(30458538, 97792392)"
"16,021,669","2,016",Mar,9,Fire,ELEC - Electrical Fire,B5,AFD,00-0702,3F,Code 3,3,"(30264254, 97710847)"
"16,021,696","2,016",Mar,9,Fire,GRASS - Small Grass Fire,B4,AFD,00-2001,3F,Code 3,5,"(30204161, 97806683)"
"16,021,707","2,016",Mar,9,Fire,ELEC - Electrical Fire,B5,AFD,00-2202,3F,Code 3,9,"(30240454, 97732694)"
"16,021,719","2,016",Mar,9,Fire,ELEC - Electrical Fire,B4,AFD,00-3602,3F,Code 3,5,"(30133109, 97784819)"
"16,017,977","2,016",Feb,26,Fire,GRASS - Small Grass Fire,B1,AFD,00-0102,3F,Code 3,9,"(30264998, 97746586)"
"16,018,162","2,016",Feb,27,Fire,ELEC - Electrical Fire,B1,AFD,00-1204,3F,Code 3,7,"(30323473, 97727916)"
"16,018,189","2,016",Feb,27,Fire,TRASH - Trash Fire,B4,AFD,00-1712,3F,Code 3,5,"(30234283, 97808442)"
"16,018,202","2,016",Feb,27,Fire,TRASH - Trash Fire,B5,AFD,00-3502,3F,Code 3,3,"(30223168, 97734656)"
"16,018,204","2,016",Feb,27,Fire,TRASH - Trash Fire,B1,AFD,00-0903,3F,Code 3,7,"(30324179, 97727466)"
"16,018,283","2,016",Feb,27,Fire,BBQ - Unsafe Cooking,B3,AFD,00-1802,4F,Code 1,1,"(30307523, 97673227)"
"16,018,303","2,016",Feb,27,Fire,TRASH - Trash Fire,B5,AFD,00-0603,3F,Code 3,9,"(30244465, 97757678)"
"16,018,312","2,016",Feb,27,Fire,TRASH - Trash Fire,B4,AFD,00-3209,3F,Left Blank,,"(30280765, 97833794)"
"16,018,317","2,016",Feb,27,Fire,GRASS - Small Grass Fire,B2,AFD,00-3403,3F,Code 3,6,"(30471766, 97803406)"
"16,018,343","2,016",Feb,27,Fire,TRASH - Trash Fire,B3,AFD,00-4001,3F,Code 3,1,"(30390033, 97646857)"
"16,018,376","2,016",Feb,27,Fire,BBQ - Unsafe Cooking,B3,AFD,00-4001,4F,Code 1,7,"(30414882, 97667084)"
"16,018,392","2,016",Feb,28,Fire,TRASH - Trash Fire,B4,AFD,00-2901,3F,Code 3,8,"(30205522, 97838471)"
"16,018,519","2,016",Feb,28,Fire,TRASH - Trash Fire,B3,AFD,00-3005,3F,Code 3,4,"(30365224, 97688939)"
"16,018,554","2,016",Feb,28,Fire,AUTO - Auto Fire,B3,AFD,00-3004,2F,Code 3,1,"(30389403, 97668312)"
"16,018,565","2,016",Feb,28,Fire,TRASH - Trash Fire,B4,AFD,00-3601,3F,Code 1,2,"(30178961, 97789684)"
"16,018,597","2,016",Feb,28,Fire,TRASH - Trash Fire,B1,AFD,00-0301,3F,Code 3,9,"(30287584, 97740457)"
"16,018,626","2,016",Feb,28,Fire,TRASH - Trash Fire,B1,AFD,00-0101,3F,Left Blank,19,"(30268695, 97733968)"
"16,018,701","2,016",Feb,29,Fire,AUTO - Auto Fire,B4,AFD,00-1710,2F,Code 3,3,"(30198688, 97764488)"
"16,018,742","2,016",Feb,29,Fire,AUTO - Auto Fire,B4,AFD,00-2903,2F,Code 3,5,"(30189127, 97832151)"
"16,018,846","2,016",Feb,29,Fire,AUTO - Auto Fire,B4,AFD,00-1705,2F,Code 3,5,"(30230226, 97787784)"
"16,018,908","2,016",Feb,29,Fire,AUTO - Auto Fire,B4,AFD,00-1701,2F,Code 3,3,"(30222995, 97764964)"
"16,018,922","2,016",Feb,29,Fire,AUTO - Auto Fire,B4,AFD,00-3603,2F,Left Blank,5,"(30111372, 97808301)"
"16,018,972","2,016",Feb,29,Fire,AUTO - Auto Fire,B3,AFD,00-0803,2F,Code 3,4,"(30358565, 97705037)"
"16,019,013","2,016",Mar,1,Fire,TRASH - Trash Fire,B3,AFD,00-1403,3F,Code 3,9,"(30289456, 97708787)"
"16,019,118","2,016",Mar,1,Fire,GRASS - Small Grass Fire,B3,AFD,00-4001,3F,Code 3,17,"(30403591, 97638453)"
"16,019,184","2,016",Mar,1,Fire,GRASS - Small Grass Fire,B4,AFD,00-3604,3F,Left Blank,5,"(30160294, 97789771)"
"16,019,193","2,016",Mar,1,Fire,GRASS - Small Grass Fire,B4,AFD,00-3604,3F,Code 3,5,"(30162572, 97795484)"
"16,019,201","2,016",Mar,1,Fire,GRASS - Small Grass Fire,B4,AFD,00-3204,3F,Left Blank,8,"(30243301, 97809912)"
"16,019,255","2,016",Mar,1,Fire,GRASS - Small Grass Fire,B2,AFD,00-3908,3F,Code 3,10,"(30391092, 97842525)"
"16,019,274","2,016",Mar,1,Fire,ELEC - Electrical Fire,B4,AFD,00-1101,3F,Code 3,5,"(30246837, 97779537)"
"16,019,331","2,016",Mar,2,Fire,GRASS - Small Grass Fire,B1,AFD,00-1001,3F,Code 3,10,"(30294957, 97781219)"
"16,019,370","2,016",Mar,2,Fire,GRASS - Small Grass Fire,B1,AFD,00-1001,3F,Code 3,10,"(30286431, 97763784)"
"16,019,385","2,016",Mar,2,Fire,GRASS - Small Grass Fire,B1,AFD,00-0402,3F,Code 3,910,"(30288096, 97762183)"
"16,022,253","2,016",Mar,10,Fire,BBQ - Unsafe Cooking,B2,AFD,00-2101,4F,Code 1,10,"(30360475, 97748868)"
"16,022,277","2,016",Mar,10,Fire,ELEC - Electrical Fire,B4,AFD,00-2701,3F,Code 3,8,"(30223057, 97862479)"
"16,019,569","2,016",Mar,2,Fire,TRASH - Trash Fire,B3,AFD,00-2301,3F,Code 3,1,"(30371343, 97674901)"
"16,019,641","2,016",Mar,2,Fire,ELEC - Electrical Fire,B4,AFD,00-2002,3F,Code 3,5,"(30189968, 97821567)"
"16,022,313","2,016",Mar,10,Fire,BBQ - Unsafe Cooking,B5,AFD,00-2206,4F,Code 3,3,"(30222216, 97705176)"
"16,022,339","2,016",Mar,10,Fire,ELEC - Electrical Fire,B5,AFD,00-2205,3F,Code 3,3,"(30235512, 97696557)"
"16,019,900","2,016",Mar,3,Fire,TRASH - Trash Fire,B5,AFD,00-3503,3F,Code 3,3,"(30225513, 97726941)"
"16,019,950","2,016",Mar,3,Fire,ELEC - Electrical Fire,B2,AFD,00-4401,3F,Left Blank,10,"(30426687, 97765062)"
"16,019,952","2,016",Mar,3,Fire,ELEC - Electrical Fire,B1,AFD,00-1003,3F,Code 3,10,"(30284274, 97767086)"
"16,022,442","2,016",Mar,11,Fire,ELEC - Electrical Fire,B5,AFD,00-2403,3F,Left Blank,2,"(30181498, 97764033)"
"16,019,964","2,016",Mar,3,Fire,ELEC - Electrical Fire,B2,AFD,00-1903,3F,Code 3,10,"(30349992, 97755596)"
"16,019,992","2,016",Mar,3,Fire,ELEC - Electrical Fire,B2,AFD,00-1603,3F,Code 3,4,"(30338304, 97715525)"
"16,020,011","2,016",Mar,4,Fire,GRASS - Small Grass Fire,B5,AFD,00-2205,3F,Code 3,3,"(30234954, 97691637)"
"16,022,499","2,016",Mar,11,Fire,ELEC - Electrical Fire,B1,AFD,00-0102,3F,Code 3,9,"(30266263, 97749665)"
"16,020,077","2,016",Mar,4,Fire,AUTO - Auto Fire,B3,AFD,00-2808,2F,Code 3,7,"(30437458, 97698951)"
"16,022,527","2,016",Mar,11,Fire,AUTO - Auto Fire,B3,AFD,00-2803,2F,Code 3,7,"(30411388, 97686689)"
"16,022,616","2,016",Mar,11,Fire,AUTO - Auto Fire,B5,AFD,00-4201,2F,Code 3,2,"(30216728, 97664961)"
"16,022,644","2,016",Mar,11,Fire,BBQ - Unsafe Cooking,B3,AFD,00-3004,4F,Code 1,1,"(30378579, 97674641)"
"16,020,131","2,016",Mar,4,Fire,TRASH - Trash Fire,B5,AFD,00-0501,3F,Code 3,3,"(30269429, 97689702)"
"16,020,154","2,016",Mar,4,Fire,TRASH - Trash Fire,B5,AFD,00-0503,3F,Code 3,1,"(30295661, 97682206)"
"16,022,766","2,016",Mar,12,Fire,AUTO - Auto Fire,B1,AFD,00-0401,2F,Code 3,9,"(30267528, 97756563)"
"16,020,197","2,016",Mar,4,Fire,TRASH - Trash Fire,B1,AFD,00-1206,3F,Code 3,10,"(30308735, 97755887)"
"16,020,210","2,016",Mar,4,Fire,AUTO - Auto Fire,B4,AFD,00-3610,2F,Code 3,5,"(30167105, 97785859)"
"16,022,842","2,016",Mar,12,Fire,DUMP - Dumpster Fire,B3,AFD,00-1802,3F,Code 3,1,"(30310173, 97687854)"
"16,022,855","2,016",Mar,12,Fire,AUTO - Auto Fire,B3,AFD,00-0804,2F,Code 3,7,"(30356594, 97715723)"
"16,020,264","2,016",Mar,4,Fire,GRASS - Small Grass Fire,B3,AFD,00-1401,3F,Code 3,9,"(30294446, 97695056)"
"16,022,986","2,016",Mar,12,Fire,ELEC - Electrical Fire,B3,AFD,00-2304,3F,Code 3,4,"(30355673, 97683941)"
"16,022,988","2,016",Mar,12,Fire,TRASH - Trash Fire,B4,AFD,00-2702,3F,Code 1,8,"(30235666, 97848008)"
"16,023,214","2,016",Mar,13,Fire,BOXL- Structure Fire,B2,AFD,00-3303,1F,Code 3,10,"(30393079, 97756148)"
"16,023,227","2,016",Mar,13,Fire,DUMP - Dumpster Fire,B5,AFD,00-0502,3F,Code 3,1,"(30285549, 97684536)"
"16,023,237","2,016",Mar,13,Fire,ELEC - Electrical Fire,B4,AFD,00-1705,3F,Code 3,5,"(30229125, 97783748)"
"16,023,414","2,016",Mar,14,Fire,DUMP - Dumpster Fire,B4,AFD,00-3604,3F,Code 3,5,"(30156647, 97790886)"
"16,023,505","2,016",Mar,14,Fire,TRASH - Trash Fire,B5,AFD,00-2205,3F,Code 1,3,"(30239976, 97693049)"
"16,023,521","2,016",Mar,14,Fire,BBQ - Unsafe Cooking,B5,AFD,00-2204,4F,Code 1,3,"(30234437, 97701451)"
"16,023,658","2,016",Mar,14,Fire,ELEC - Electrical Fire,B4,AFD,00-2901,3F,Code 3,8,"(30200894, 97842828)"
"16,023,659","2,016",Mar,14,Fire,TRASH - Trash Fire,B3,AFD,00-2303,3F,Code 3,1,"(30342805, 97673837)"
"16,023,939","2,016",Mar,15,Fire,TRASH - Trash Fire,B4,AFD,00-2005,3F,Code 3,2,"(30206058, 97779114)"
"16,023,963","2,016",Mar,15,Fire,AUTO - Auto Fire,B3,AFD,00-0804,2F,Code 3,7,"(30348475, 97714723)"
"16,024,016","2,016",Mar,15,Fire,TRASH - Trash Fire,B5,AFD,00-2403,3F,Code 3,2,"(30190343, 97767086)"
"16,024,083","2,016",Mar,16,Fire,AUTO - Auto Fire,B5,AFD,00-0505,2F,Code 3,1,"(30285547, 97664791)"
"16,024,238","2,016",Mar,16,Fire,ELEC - Electrical Fire,B4,AFD,00-3201,3F,Code 3,8,"(30267364, 97788051)"
"16,024,265","2,016",Mar,16,Fire,AUTO - Auto Fire,B3,AFD,00-2301,2F,Code 3,4,"(30360779, 97686311)"
"16,024,339","2,016",Mar,16,Fire,TRASH - Trash Fire,B3,AFD,00-0803,3F,Code 1,4,"(30358785, 97713325)"
"16,024,586","2,016",Mar,17,Fire,TRASH - Trash Fire,B2,AFD,00-1602,3F,Code 3,4,"(30342106, 97706347)"
"16,024,857","2,016",Mar,18,Fire,ELEC - Electrical Fire,B5,AFD,00-2202,3F,Code 3,3,"(30240224, 97718653)"
"16,024,956","2,016",Mar,18,Fire,AUTO - Auto Fire,B2,AFD,00-3303,2F,Code 3,10,"(30388155, 97759838)"
"16,025,025","2,016",Mar,18,Fire,AUTO - Auto Fire,B5,AFD,00-0505,2F,Code 3,1,"(30282029, 97662453)"
"16,025,040","2,016",Mar,18,Fire,BBQ - Unsafe Cooking,B4,AFD,00-2706,4F,Code 1,8,"(30229185, 97883084)"
"16,025,313","2,016",Mar,19,Fire,GRASS - Small Grass Fire,B4,AFD,00-1707,3F,Code 3,3,"(30218879, 97755241)"
"16,025,411","2,016",Mar,19,Fire,TRASH - Trash Fire,B4,AFD,00-2901,3F,Code 3,8,"(30205522, 97838471)"
"16,025,446","2,016",Mar,20,Fire,GRASS - Small Grass Fire,B2,AFD,00-1601,3F,Code 3,7,"(30343895, 97734235)"
"16,025,585","2,016",Mar,20,Fire,DUMP - Dumpster Fire,B1,AFD,00-0301,3F,Code 3,9,"(30293462, 97744153)"
"16,025,673","2,016",Mar,20,Fire,BBQ - Unsafe Cooking,B3,AFD,00-3004,4F,Code 3,1,"(30394254, 97671294)"
"16,025,755","2,016",Mar,21,Fire,TRASH - Trash Fire,B5,AFD,00-0702,3F,Code 3,3,"(30260127, 97709495)"
"16,025,888","2,016",Mar,21,Fire,TRASH - Trash Fire,B1,AFD,00-1202,3F,Code 3,7,"(30325852, 97739613)"
"16,025,933","2,016",Mar,21,Fire,AUTO - Auto Fire,B2,AFD,00-3802,2F,Code 3,6,"(30462156, 97816017)"
"16,025,975","2,016",Mar,21,Fire,GRASS - Small Grass Fire,B3,AFD,00-4006,3F,Code 3,7,"(30439256, 97668765)"
"16,025,995","2,016",Mar,21,Fire,ELEC - Electrical Fire,B1,AFD,00-0303,3F,Code 3,9,"(30301884, 97736367)"
"16,026,039","2,016",Mar,21,Fire,TRASH - Trash Fire,B3,AFD,00-2801,3F,Left Blank,7,"(30417577, 97697814)"
"16,026,180","2,016",Mar,22,Fire,AUTO - Auto Fire,B1,AFD,00-0301,2F,Code 3,19,"(30287196, 97726743)"
"16,026,205","2,016",Mar,22,Fire,GRASS - Small Grass Fire,B2,AFD,00-3404,3F,Code 3,6,"(30475012, 97794365)"
"16,026,221","2,016",Mar,22,Fire,GRASS - Small Grass Fire,B2,AFD,00-1606,3F,Left Blank,7,"(30354356, 97736089)"
"16,026,228","2,016",Mar,22,Fire,GRASS - Small Grass Fire,B1,AFD,00-1205,3F,Left Blank,9,"(30312125, 97735224)"
"16,026,233","2,016",Mar,22,Fire,GRASS - Small Grass Fire,B1,AFD,00-1205,3F,Code 3,9,"(30311931, 97734882)"
"16,026,246","2,016",Mar,22,Fire,TRASH - Trash Fire,B1,AFD,00-0301,3F,Code 3,9,"(30289326, 97734688)"
"16,026,252","2,016",Mar,22,Fire,TRASH - Trash Fire,B2,AFD,00-1901,3F,Left Blank,10,"(30337114, 97757291)"
"16,026,272","2,016",Mar,22,Fire,BRSHL - Brush Alarm / Light,B2,AFD,00-3809,2F,Code 3,6,"(30450879, 97772725)"
"16,026,288","2,016",Mar,22,Fire,GRASS - Small Grass Fire,B3,AFD,00-0805,3F,Code 3,7,"(30360958, 97740542)"
"16,026,386","2,016",Mar,23,Fire,TRASH - Trash Fire,B1,AFD,00-0902,3F,Code 1,9,"(30313402, 97723774)"
"16,026,630","2,016",Mar,23,Fire,TRASH - Trash Fire,B4,AFD,00-3201,3F,Code 3,8,"(30259244, 97803418)"
"16,026,677","2,016",Mar,23,Fire,AUTO - Auto Fire,B4,AFD,00-1706,2F,Code 3,3,"(30227796, 97774864)"
"16,026,902","2,016",Mar,24,Fire,GRASS - Small Grass Fire,B2,AFD,00-4504,3F,Code 3,6,"(30498149, 97775717)"
"16,027,027","2,016",Mar,24,Fire,TRASH - Trash Fire,B2,AFD,00-3906,3F,Left Blank,6,"(30421362, 97845226)"
"16,027,082","2,016",Mar,25,Fire,AUTO - Auto Fire,B2,AFD,00-3304,2F,Code 3,10,"(30392165, 97746823)"
"16,027,190","2,016",Mar,25,Fire,AUTO - Auto Fire,B1,AFD,00-1201,2F,Code 3,7,"(30315516, 97741497)"
"16,027,347","2,016",Mar,25,Fire,DUMP - Dumpster Fire,B3,AFD,00-1803,3F,Code 3,14,"(30314095, 97692502)"
"16,027,464","2,016",Mar,26,Fire,AUTO - Auto Fire,B1,AFD,00-0101,2F,Code 3,1,"(30267301, 97732804)"
"16,027,545","2,016",Mar,26,Fire,AUTO - Auto Fire,B5,AFD,00-0702,2F,Code 3,3,"(30259768, 97705085)"
"16,027,593","2,016",Mar,26,Fire,TRASH - Trash Fire,B4,AFD,00-1103,3F,Code 3,5,"(30249559, 97795198)"
"16,027,633","2,016",Mar,26,Fire,TRASH - Trash Fire,B5,AFD,00-2404,3F,Code 1,2,"(30163993, 97739797)"
"16,027,664","2,016",Mar,26,Fire,TRASH - Trash Fire,B5,AFD,00-2404,3F,Code 1,2,"(30163993, 97739797)"
"16,027,676","2,016",Mar,26,Fire,DUMP - Dumpster Fire,B2,AFD,00-3401,3F,Code 3,6,"(30467138, 97787556)"
"16,027,845","2,016",Mar,27,Fire,ELEC - Electrical Fire,B3,AFD,00-2806,3F,Code 3,7,"(30410174, 97716976)"
"16,027,908","2,016",Mar,27,Fire,AUTO - Auto Fire,B4,AFD,00-3604,2F,Code 3,2,"(30167197, 97790934)"
"16,027,923","2,016",Mar,27,Fire,TRASH - Trash Fire,B5,AFD,00-2201,3F,Code 3,3,"(30223293, 97718847)"
"16,027,927","2,016",Mar,27,Fire,DUMP - Dumpster Fire,B3,AFD,00-2803,3F,Code 3,7,"(30409449, 97699192)"
"16,027,933","2,016",Mar,27,Fire,TRASH - Trash Fire,B5,AFD,00-3502,3F,Left Blank,3,"(30219087, 97735312)"
"16,027,942","2,016",Mar,27,Fire,DUMP - Dumpster Fire,B5,AFD,00-3502,3F,Left Blank,3,"(30229422, 97743267)"
"16,027,945","2,016",Mar,27,Fire,TRASH - Trash Fire,B3,AFD,00-1403,3F,Code 3,1,"(30284756, 97716237)"
"16,027,964","2,016",Mar,27,Fire,AUTO - Auto Fire,B3,AFD,00-0802,2F,Code 3,4,"(30367806, 97706021)"
"16,028,004","2,016",Mar,28,Fire,ELEC - Electrical Fire,B2,AFD,00-2504,3F,Code 3,10,"(30417027, 97749789)"
"16,028,150","2,016",Mar,28,Fire,GRASS - Small Grass Fire,B4,AFD,00-2004,3F,Left Blank,5,"(30214948, 97793351)"
"16,028,161","2,016",Mar,28,Fire,GRASS - Small Grass Fire,B5,AFD,00-2202,3F,Left Blank,39,"(30238195, 97732948)"
"16,028,164","2,016",Mar,28,Fire,TRASH - Trash Fire,B5,AFD,00-1504,3F,Left Blank,1,"(30275344, 97703546)"
"16,028,177","2,016",Mar,28,Fire,DUMP - Dumpster Fire,B5,AFD,00-3501,3F,Left Blank,2,"(30209512, 97728861)"
"16,028,207","2,016",Mar,28,Fire,TRASH - Trash Fire,B4,AFD,00-1712,3F,Left Blank,5,"(30229698, 97796742)"
"16,028,208","2,016",Mar,28,Fire,TRASH - Trash Fire,B4,AFD,00-1712,3F,Left Blank,5,"(30229056, 97801325)"
"16,028,211","2,016",Mar,28,Fire,AUTO - Auto Fire,B2,AFD,00-3808,2F,Code 3,6,"(30447827, 97789991)"
"16,028,237","2,016",Mar,28,Fire,ELEC - Electrical Fire,B4,AFD,00-4302,3F,Left Blank,8,"(30195799, 97889395)"
"16,028,241","2,016",Mar,28,Fire,ELEC - Electrical Fire,B2,AFD,00-1606,3F,Code 3,7,"(30357762, 97738696)"
"16,028,296","2,016",Mar,28,Fire,BOXL- Structure Fire,B4,AFD,00-1101,1F,Left Blank,5,"(30250254, 97775044)"
"16,028,344","2,016",Mar,29,Fire,AUTO - Auto Fire,B5,AFD,00-3505,2F,Left Blank,2,"(30193889, 97673333)"
"16,028,346","2,016",Mar,29,Fire,GRASS - Small Grass Fire,B3,AFD,00-3001,3F,Left Blank,4,"(30369536, 97700328)"
"16,028,354","2,016",Mar,29,Fire,GRASS - Small Grass Fire,B3,AFD,00-3001,3F,Left Blank,4,"(30370658, 97701938)"
"16,008,798","2,016",Jan,29,Fire,ELEC - Electrical Fire,B4,AFD,00-4302,3F,Code 3,8,"(3.01949E+7, 97899765)"
"16,016,238","2,016",Feb,21,Fire,TRASH - Trash Fire,B3,AFD,00-0804,3F,Code 3,7,"(3.035122E+7, 97720158)"
"16,023,991","2,016",Mar,15,Fire,TRASH - Trash Fire,B5,AFD,00-0604,3F,Code 3,9,"(3.025641E+7, 97747158)"
"16,020,366","2,016",Mar,5,Fire,TRASH - Trash Fire,B5,AFD,00-1504,3F,Code 3,1,"(3.027431E+7, 97702483)"
"16,022,854","2,016",Mar,12,Fire,AUTO - Auto Fire,B2,AFD,00-1602,2F,Code 3,4,"(30344935, 9.770714E+7)"
"16,018,586","2,016",Feb,28,Fire,ELEC - Electrical Fire,B1,AFD,00-0202,3F,Code 3,19,"(3.028034E+7, 97740867)"
"16,022,950","2,016",Mar,12,Fire,ELEC - Electrical Fire,B3,AFD,00-2306,3F,Code 3,4,"(30366921, 9.769326E+7)"
"16,015,042","2,016",Feb,17,Fire,BBQ - Unsafe Cooking,B4,AFD,00-1702,4F,Code 1,2,"(30210539, 9.778688E+7)"
"16,008,102","2,016",Jan,27,Fire,ELEC - Electrical Fire,B3,AFD,00-1801,3F,Code 3,1,"(30322288, 9.767972E+7)"
"16,021,640","2,016",Mar,8,Fire,ELEC - Electrical Fire,B2,AFD,00-2501,3F,Code 3,6,"(30414387, 9.773029E+7)"
"16,005,900","2,016",Jan,20,Fire,TRASH - Trash Fire,B5,AFD,00-0701,3F,Code 3,3,"(30257132, 9.772461E+7)"
"16,027,675","2,016",Mar,26,Fire,TRASH - Trash Fire,B5,AFD,00-0701,3F,Code 3,1,"(3.027303E+7, 97713703)"
"16,020,410","2,016",Mar,5,Fire,GRASS - Small Grass Fire,B4,AFD,00-2702,3F,Code 3,8,"(30220065, 9.783608E+7)"
"16,020,364","2,016",Mar,5,Fire,AUTO - Auto Fire,B3,AFD,00-2305,2F,Code 3,4,"(30340382, 9.770148E+7)"
"16,016,239","2,016",Feb,21,Fire,TRASH - Trash Fire,B5,AFD,00-2404,3F,Left Blank,2,"(3.015813E+7, 97743006)"
"16,002,953","2,016",Jan,11,Fire,DUMP - Dumpster Fire,B1,AFD,00-0201,3F,Code 3,9,"(3.028397E+7, 97743012)"
"16,019,726","2,016",Mar,3,Fire,TRASH - Trash Fire,B5,AFD,00-0504,3F,Code 3,1,"(3.028759E+7, 97669776)"
"16,019,588","2,016",Mar,2,Fire,DUMP - Dumpster Fire,B5,AFD,00-2205,3F,Code 3,3,"(3.022632E+7, 97693756)"
"16,024,301","2,016",Mar,16,Fire,ELEC - Electrical Fire,B1,AFD,00-0903,3F,Code 3,9,"(3.03188E+7, 97728586)"
"16,009,025","2,016",Jan,30,Fire,TRASH - Trash Fire,B4,AFD,00-2005,3F,Code 1,2,"(30202586, 9.779238E+7)"
"16,022,926","2,016",Mar,12,Fire,AUTO - Auto Fire,B5,AFD,00-2401,2F,Code 3,2,"(30179672, 9.77469E+7)"
"16,013,590","2,016",Feb,13,Fire,ELEC - Electrical Fire,B2,AFD,00-3303,3F,Code 3,10,"(3.040519E+7, 97747654)"
"16,009,527","2,016",Feb,1,Fire,AUTO - Auto Fire,B4,AFD,00-27SV,2F,Code 3,,"(3.022774E+7, 97821525)"
"16,023,560","2,016",Mar,14,Fire,DUMP - Dumpster Fire,B4,AFD,00-3203,3F,Code 3,8,"(3.025866E+7, 97788282)"
"16,009,780","2,016",Feb,2,Fire,GRASS - Small Grass Fire,B3,AFD,00-0807,3F,Code 3,7,"(30396104, 9.773342E+7)"
"16,018,665","2,016",Feb,28,Fire,TRASH - Trash Fire,B5,AFD,00-2402,3F,Code 1,2,"(3.019711E+7, 97741993)"
"16,027,468","2,016",Mar,26,Fire,TRASH - Trash Fire,B2,AFD,00-1903,3F,Code 1,10,"(30346159, 9.775629E+7)"
"16,010,379","2,016",Feb,4,Fire,AUTO - Auto Fire,B4,AFD,00-1706,2F,Code 3,3,"(30239443, 9.776937E+7)"
"16,018,688","2,016",Feb,28,Fire,ELEC - Electrical Fire,B5,AFD,00-2202,3F,Code 1,3,"(30243304, 9.772271E+7)"
"16,014,493","2,016",Feb,16,Fire,GRASS - Small Grass Fire,B2,AFD,00-3404,3F,Code 3,6,"(3.047806E+7, 97782038)"
"16,005,649","2,016",Jan,19,Fire,ELEC - Electrical Fire,B1,AFD,00-1205,3F,Code 3,9,"(3.031509E+7, 97736182)"
"16,012,434","2,016",Feb,10,Fire,TRASH - Trash Fire,B4,AFD,00-1102,3F,Code 3,5,"(30240842, 9.778614E+7)"
"16,011,591","2,016",Feb,7,Fire,BBQ - Unsafe Cooking,B3,AFD,00-4003,4F,Code 3,1,"(30379306, 9.765421E+7)"
"16,027,307","2,016",Mar,25,Fire,TRASH - Trash Fire,B5,AFD,00-1504,3F,Code 1,1,"(30277963, 9.770351E+7)"
"16,003,790","2,016",Jan,13,Fire,AUTO - Auto Fire,B3,AFD,00-3005,2F,Code 3,4,"(3.036361E+7, 97685015)"
"16,010,517","2,016",Feb,4,Fire,TRASH - Trash Fire,B4,AFD,00-2705,3F,Code 3,8,"(3.022584E+7, 97868674)"
"16,015,634","2,016",Feb,19,Fire,TRASH - Trash Fire,B2,AFD,00-1603,3F,Code 3,4,"(30336767, 9.771228E+7)"
"16,024,015","2,016",Mar,15,Fire,ELEC - Electrical Fire,B1,AFD,00-1204,3F,Code 3,7,"(3.032549E+7, 97732597)"
"16,005,018","2,016",Jan,17,Fire,TRASH - Trash Fire,B4,AFD,00-1101,3F,Code 3,5,"(3.026185E+7, 97766304)"
"16,012,869","2,016",Feb,11,Fire,AUTO - Auto Fire,B5,AFD,00-0701,2F,Code 3,3,"(3.025889E+7, 97726708)"
"16,012,433","2,016",Feb,10,Fire,AUTO - Auto Fire,B3,AFD,00-2301,2F,Code 3,4,"(3.03579E+7, 97687501)"
"16,009,416","2,016",Jan,31,Fire,TRASH - Trash Fire,B3,AFD,00-0803,3F,Left Blank,4,"(30359425, 9.770985E+7)"
"16,012,757","2,016",Feb,11,Fire,AUTO - Auto Fire,B4,AFD,00-1706,2F,Code 3,3,"(3.023262E+7, 97758361)"
"16,019,921","2,016",Mar,3,Fire,GRASS - Small Grass Fire,B4,AFD,00-4301,3F,Code 1,8,"(3.017701E+7, 97884024)"
"16,005,050","2,016",Jan,17,Fire,GRASS - Small Grass Fire,B3,AFD,00-1801,3F,Code 3,1,"(30316863, 9.767117E+7)"
"16,008,087","2,016",Jan,27,Fire,TRASH - Trash Fire,B4,AFD,00-3604,3F,Code 3,5,"(30173997, 9.780253E+7)"
"16,008,126","2,016",Jan,27,Fire,ELEC - Electrical Fire,B5,AFD,00-2402,3F,Code 3,2,"(3.019843E+7, 97743018)"
"16,011,582","2,016",Feb,7,Fire,BBQ - Unsafe Cooking,B5,AFD,00-2403,4F,Code 1,2,"(3.019278E+7, 9.776531E+7)"
"16,002,349","2,016",Jan,8,Fire,AUTO - Auto Fire,B3,AFD,00-2304,2F,Code 3,4,"(3.03575E+7, 97688365)"
"16,007,495","2,016",Jan,25,Fire,ELEC - Electrical Fire,B3,AFD,00-1401,3F,Code 3,9,"(3.029822E+7, 97701227)"
"16,027,505","2,016",Mar,26,Fire,TRASH - Trash Fire,B3,AFD,00-0804,3F,Code 1,7,"(3.036353E+7, 97722035)"
"16,022,264","2,016",Mar,10,Fire,TRASH - Trash Fire,B5,AFD,00-1504,3F,Code 3,1,"(30277963, 9.770351E+7)"
"16,006,335","2,016",Jan,21,Fire,ELEC - Electrical Fire,B5,AFD,00-2202,3F,Code 3,3,"(30232698, 9.772909E+7)"
"16,013,664","2,016",Feb,13,Fire,TRASH - Trash Fire,B4,AFD,00-3203,3F,Code 3,8,"(3.025882E+7, 97785822)"
"16,013,709","2,016",Feb,14,Fire,GRASS - Small Grass Fire,B2,AFD,00-4502,3F,Code 3,6,"(3.048127E+7, 97766781)"
"16,013,012","2,016",Feb,11,Fire,TRASH - Trash Fire,B5,AFD,00-2401,3F,Code 1,2,"(3.019325E+7, 97760126)"
"16,025,283","2,016",Mar,19,Fire,DUMP - Dumpster Fire,B5,AFD,00-2205,3F,Code 3,3,"(3.022632E+7, 97693756)"
"16,005,980","2,016",Jan,20,Fire,AUTO - Auto Fire,B3,AFD,00-0807,2F,Code 3,7,"(3.038947E+7, 97744857)"
"16,009,338","2,016",Jan,31,Fire,ELEC - Electrical Fire,B2,AFD,00-3907,3F,Code 3,6,"(30431148, 9.784188E+7)"
"16,003,724","2,016",Jan,13,Fire,ELEC - Electrical Fire,B5,AFD,00-0702,3F,Code 3,3,"(30256464, 9.771593E+7)"
"16,017,805","2,016",Feb,26,Fire,GRASS - Small Grass Fire,B2,AFD,00-1901,3F,Code 3,10,"(30330857, 9.775576E+7)"
"16,006,720","2,016",Jan,23,Fire,DUMP - Dumpster Fire,B2,AFD,00-3303,3F,Code 3,10,"(30403561, 9.775192E+7)"
"16,020,634","2,016",Mar,5,Fire,TRASH - Trash Fire,B4,AFD,00-2006,3F,Code 3,2,"(30195447, 9.779642E+7)"
"16,013,335","2,016",Feb,12,Fire,AUTO - Auto Fire,B3,AFD,00-1403,2F,Code 3,1,"(30284076, 9.772042E+7)"
"16,011,164","2,016",Feb,6,Fire,TRASH - Trash Fire,B3,AFD,00-2606,3F,Code 3,1,"(3.02882E+7, 97643552)"
"16,000,890","2,016",Jan,3,Fire,DUMP - Dumpster Fire,B5,AFD,00-2402,3F,Code 3,2,"(3.020473E+7, 97756601)"
"16,008,410","2,016",Jan,28,Fire,TRASH - Trash Fire,B3,AFD,00-2804,3F,Code 3,7,"(30403679, 9.771047E+7)"
"16,003,029","2,016",Jan,11,Fire,TRASH - Trash Fire,B2,AFD,00-1903,3F,Code 3,10,"(30343245, 9.776051E+7)"
"16,000,303","2,016",Jan,1,Fire,DUMP - Dumpster Fire,B3,AFD,00-1803,3F,Code 3,4,"(3.031142E+7, 97707005)"
"16,018,994","2,016",Feb,29,Fire,ELEC - Electrical Fire,B3,AFD,00-2601,3F,Code 3,1,"(30294911, 9.762724E+7)"
"16,017,807","2,016",Feb,26,Fire,GRASS - Small Grass Fire,B2,AFD,00-1905,3F,Code 3,10,"(3.032617E+7, 97755968)"
"16,011,533","2,016",Feb,7,Fire,BBQ - Unsafe Cooking,B2,AFD,00-4504,4F,Code 3,6,"(3.049447E+7, 97781709)"
"16,011,191","2,016",Feb,6,Fire,TRASH - Trash Fire,B3,AFD,00-1804,3F,Code 3,4,"(30330138, 9.769827E+7)"
"16,015,411","2,016",Feb,19,Fire,ELEC - Electrical Fire,B4,AFD,00-1703,3F,Code 3,5,"(3.02259E+7, 97779056)"
"16,014,733","2,016",Feb,17,Fire,TRASH - Trash Fire,B4,AFD,00-1104,3F,Code 3,8,"(30266049, 9.77681E+7)"
"16,008,059","2,016",Jan,27,Fire,ELEC - Electrical Fire,B4,AFD,00-2004,3F,Code 3,5,"(3.021543E+7, 97797687)"
"16,000,213","2,016",Jan,1,Fire,ELEC - Electrical Fire,B2,AFD,00-3906,3F,Code 3,6,"(3.042516E+7, 97843922)"
"16,013,887","2,016",Feb,14,Fire,BBQ - Unsafe Cooking,B3,AFD,00-0801,4F,Code 3,4,"(3.037391E+7, 97712225)"
"16,017,831","2,016",Feb,26,Fire,DUMP - Dumpster Fire,B4,AFD,00-1705,3F,Code 3,5,"(30232818, 9.777752E+7)"
"16,015,600","2,016",Feb,19,Fire,DUMP - Dumpster Fire,B5,AFD,00-0603,3F,Code 3,9,"(30247421, 9.775584E+7)"
"16,014,237","2,016",Feb,15,Fire,TRASH - Trash Fire,B3,AFD,00-3001,3F,Code 3,4,"(3.037903E+7, 97689409)"
"16,002,689","2,016",Jan,10,Fire,ELEC - Electrical Fire,B2,AFD,00-2101,3F,Code 3,10,"(3.03637E+7, 97761026)"
"16,012,841","2,016",Feb,11,Fire,TRASH - Trash Fire,B4,AFD,00-2005,3F,Code 1,2,"(3.020445E+7, 97778689)"
"16,022,552","2,016",Mar,11,Fire,ELEC - Electrical Fire,B3,AFD,00-2305,3F,Code 3,4,"(3.034458E+7, 97701902)"
"16,027,891","2,016",Mar,27,Fire,DUMP - Dumpster Fire,B5,AFD,00-0502,3F,Code 3,1,"(3.026806E+7, 97696154)"
"16,004,896","2,016",Jan,17,Fire,ELEC - Electrical Fire,B2,AFD,00-1903,3F,Code 3,10,"(3.035242E+7, 97758319)"
"16,027,874","2,016",Mar,27,Fire,TRASH - Trash Fire,B5,AFD,00-0502,3F,Code 3,1,"(3.026806E+7, 97696154)"
"16,002,950","2,016",Jan,11,Fire,DUMP - Dumpster Fire,B1,AFD,00-0201,3F,Code 3,9,"(3.02849E+7, 9.774815E+7)"
"16,013,290","2,016",Feb,12,Fire,ELEC - Electrical Fire,B1,AFD,00-0301,3F,Code 3,9,"(3.029353E+7, 97744147)"
"16,008,482","2,016",Jan,28,Fire,TRASH - Trash Fire,B5,AFD,00-4209,3F,Left Blank,2,"(3.017287E+7, 97616589)"
"16,004,164","2,016",Jan,14,Fire,AUTO - Auto Fire,B1,AFD,00-0903,2F,Code 3,79,"(3.031877E+7, 97730821)"
"16,013,864","2,016",Feb,14,Fire,AUTO - Auto Fire,B2,AFD,00-3401,2F,Code 3,6,"(3.045666E+7, 97791716)"
"16,015,560","2,016",Feb,19,Fire,TRASH - Trash Fire,B3,AFD,00-4001,3F,Code 3,7,"(3.041678E+7, 97669255)"
"16,006,331","2,016",Jan,21,Fire,TRASH - Trash Fire,B5,AFD,00-0604,3F,Code 1,9,"(3.024799E+7, 97750255)"
"16,011,632","2,016",Feb,7,Fire,BBQ - Unsafe Cooking,B3,AFD,00-1803,4F,Code 3,1,"(30318808, 9.770286E+7)"
"16,003,511","2,016",Jan,12,Fire,AUTO - Auto Fire,B2,AFD,00-2104,2F,Code 3,10,"(3.036936E+7, 9.774493E+7)"
"16,028,116","2,016",Mar,28,Fire,AUTO - Auto Fire,B5,AFD,00-2402,2F,Left Blank,2,"(3.019583E+7, 97742085)"
"16,017,092","2,016",Feb,24,Fire,AUTO - Auto Fire,B3,AFD,00-4003,2F,Code 3,1,"(30372955, 9.76522E+7)"
"16,021,739","2,016",Mar,9,Fire,ELEC - Electrical Fire,B1,AFD,00-0301,3F,Code 3,9,"(3.029582E+7, 97746025)"
"16,012,641","2,016",Feb,10,Fire,AUTO - Auto Fire,B4,AFD,00-1706,2F,Code 3,3,"(3.023262E+7, 97758361)"
"16,017,987","2,016",Feb,26,Fire,GRASS - Small Grass Fire,B3,AFD,00-3005,3F,Code 3,4,"(3.036736E+7, 97694587)"
"16,009,401","2,016",Jan,31,Fire,TRASH - Trash Fire,B1,AFD,00-0902,3F,Code 3,9,"(30312046, 9.772136E+7)"
"16,016,296","2,016",Feb,21,Fire,TRASH - Trash Fire,B4,AFD,00-1712,3F,Code 1,5,"(3.022562E+7, 97802735)"
"16,002,424","2,016",Jan,8,Fire,TRASH - Trash Fire,B5,AFD,00-2205,3F,Code 3,3,"(3.023375E+7, 97693938)"
"16,018,347","2,016",Feb,27,Fire,BBQ - Unsafe Cooking,B3,AFD,00-2806,4F,Code 1,7,"(30422342, 9.770823E+7)"
"16,001,675","2,016",Jan,6,Fire,AUTO - Auto Fire,B2,AFD,00-3106,2F,Left Blank,10,"(3.03352E+7, 97806227)"
"16,028,272","2,016",Mar,28,Fire,GRASS - Small Grass Fire,B3,AFD,00-4003,3F,Code 3,1,"(3.037453E+7, 97649668)"
"16,003,911","2,016",Jan,13,Fire,TRASH - Trash Fire,B1,AFD,00-1201,3F,Code 1,7,"(3.031646E+7, 97743211)"
"16,001,949","2,016",Jan,7,Fire,AUTO - Auto Fire,B3,AFD,00-2606,2F,Code 3,1,"(30290913, 9.765414E+7)"
"16,005,622","2,016",Jan,19,Fire,ELEC - Electrical Fire,B1,AFD,00-0301,3F,Code 3,9,"(30287121, 9.772552E+7)"
"16,027,342","2,016",Mar,25,Fire,TRASH - Trash Fire,B4,AFD,00-3608,3F,Code 3,5,"(3.015825E+7, 97779797)"
"16,019,852","2,016",Mar,3,Fire,TRASH - Trash Fire,B3,AFD,00-2304,3F,Code 3,4,"(30340651, 9.769023E+7)"
"16,003,692","2,016",Jan,13,Fire,TRASH - Trash Fire,B5,AFD,00-2402,3F,Code 1,2,"(30195162, 9.773953E+7)"
"16,017,846","2,016",Feb,26,Fire,GRASS - Small Grass Fire,B3,AFD,00-4105,3F,Code 3,1,"(3.036853E+7, 97613107)"
"16,028,141","2,016",Mar,28,Fire,TRASH - Trash Fire,B5,AFD,00-2402,3F,Left Blank,2,"(30197441, 9.77427E+7)"
"16,022,611","2,016",Mar,11,Fire,ELEC - Electrical Fire,B3,AFD,00-2803,3F,Code 3,7,"(30412153, 9.769659E+7)"
"16,008,895","2,016",Jan,30,Fire,TRASH - Trash Fire,B3,AFD,00-2806,3F,Code 1,7,"(3.041864E+7, 97722209)"
"16,027,255","2,016",Mar,25,Fire,GRASS - Small Grass Fire,B3,AFD,00-2801,3F,Code 3,7,"(3.041638E+7, 97673125)"
"16,004,863","2,016",Jan,16,Fire,ELEC - Electrical Fire,B3,AFD,00-1801,3F,Code 3,1,"(30320631, 9.767306E+7)"
"16,003,197","2,016",Jan,11,Fire,BBQ - Unsafe Cooking,B2,AFD,00-4502,4F,Code 1,6,"(3.048127E+7, 97766781)"
"16,025,911","2,016",Mar,21,Fire,AUTO - Auto Fire,B1,AFD,00-0101,2F,Code 3,1,"(30270054, 9.773315E+7)"
"16,021,612","2,016",Mar,8,Fire,ELEC - Electrical Fire,B4,AFD,00-2904,3F,Code 3,5,"(3.016265E+7, 97829418)"
"16,019,919","2,016",Mar,3,Fire,ELEC - Electrical Fire,B3,AFD,00-2305,3F,Code 3,4,"(3.034112E+7, 97701985)"
"16,017,476","2,016",Feb,25,Fire,TRASH - Trash Fire,B5,AFD,00-2204,3F,Code 3,3,"(3.022703E+7, 97707935)"
"16,006,828","2,016",Jan,23,Fire,ELEC - Electrical Fire,B3,AFD,00-1805,3F,Code 3,1,"(3.03285E+7, 97689363)"
"16,003,780","2,016",Jan,13,Fire,AUTO - Auto Fire,B2,AFD,00-2501,2F,Code 3,6,"(3.043276E+7, 97765726)"
"16,011,167","2,016",Feb,6,Fire,TRASH - Trash Fire,B4,AFD,00-2004,3F,Code 3,5,"(3.021543E+7, 97797687)"
"16,008,182","2,016",Jan,28,Fire,ELEC - Electrical Fire,B5,AFD,00-1504,3F,Code 1,3,"(30270456, 9.769836E+7)"
"16,019,865","2,016",Mar,3,Fire,TRASH - Trash Fire,B3,AFD,00-2304,3F,Code 3,4,"(3.034095E+7, 97694749)"
"16,011,975","2,016",Feb,8,Fire,AUTO - Auto Fire,B3,AFD,00-2301,2F,Code 3,4,"(3.036594E+7, 97683052)"
"16,005,280","2,016",Jan,18,Fire,AUTO - Auto Fire,B3,AFD,00-0804,2F,Code 3,7,"(3.035337E+7, 97725024)"
"16,006,015","2,016",Jan,20,Fire,AUTO - Auto Fire,B3,AFD,00-4103,2F,Code 3,1,"(3.033263E+7, 97616713)"
"16,022,762","2,016",Mar,12,Fire,BBQ - Unsafe Cooking,B5,AFD,00-2402,4F,Code 1,2,"(3.020473E+7, 97756601)"
"16,013,877","2,016",Feb,14,Fire,GRASS - Small Grass Fire,B3,AFD,00-2305,3F,Code 3,4,"(3.034579E+7, 9.770765E+7)"
"16,003,328","2,016",Jan,12,Fire,TRASH - Trash Fire,B4,AFD,00-3604,3F,Code 3,5,"(30163382, 9.779163E+7)"
"16,005,210","2,016",Jan,18,Fire,TRASH - Trash Fire,B5,AFD,00-2204,3F,Code 3,3,"(3.022703E+7, 97707935)"
"16,014,552","2,016",Feb,16,Fire,TRASH - Trash Fire,B5,AFD,00-0504,3F,Code 3,1,"(3.028672E+7, 97665708)"
"16,010,815","2,016",Feb,5,Fire,AUTO - Auto Fire,B5,AFD,00-0505,2F,Code 3,1,"(3.027605E+7, 97667914)"
"16,018,825","2,016",Feb,29,Fire,GRASS - Small Grass Fire,B3,AFD,00-2805,3F,Code 3,7,"(3.039934E+7, 97722403)"
"16,019,217","2,016",Mar,1,Fire,TRASH - Trash Fire,B4,AFD,00-2005,3F,Code 1,2,"(3.020102E+7, 97778601)"
"16,019,897","2,016",Mar,3,Fire,TRASH - Trash Fire,B4,AFD,00-3209,3F,Left Blank,,"(30273781, 9.783209E+7)"
"16,005,003","2,016",Jan,17,Fire,DUMP - Dumpster Fire,B3,AFD,00-0805,3F,Code 3,7,"(30366449, 9.772807E+7)"
"16,004,208","2,016",Jan,14,Fire,TRASH - Trash Fire,B4,AFD,00-2005,3F,Code 3,2,"(30201737, 9.778824E+7)"
"16,004,617","2,016",Jan,16,Fire,ELEC - Electrical Fire,B5,AFD,00-4209,3F,Code 3,2,"(3.016833E+7, 97612384)"
"16,027,597","2,016",Mar,26,Fire,TRASH - Trash Fire,B2,AFD,00-1606,3F,Code 3,7,"(30357043, 9.77364E+7)"
"16,012,756","2,016",Feb,11,Fire,AUTO - Auto Fire,B3,AFD,00-2301,2F,Code 3,1,"(3.037647E+7, 97675902)"
"16,026,261","2,016",Mar,22,Fire,GRASS - Small Grass Fire,B1,AFD,00-0301,3F,Code 3,9,"(3.029051E+7, 97736681)"
"16,005,901","2,016",Jan,20,Fire,TRASH - Trash Fire,B5,AFD,00-0701,3F,Code 3,3,"(3.025722E+7, 97724569)"
"16,008,405","2,016",Jan,28,Fire,TRASH - Trash Fire,B5,AFD,00-0701,3F,Code 3,3,"(30259549, 9.77316E+7)"
"16,007,212","2,016",Jan,24,Fire,BBQ - Unsafe Cooking,B3,AFD,00-2305,4F,Code 1,4,"(3.034458E+7, 97701902)"
"16,007,577","2,016",Jan,26,Fire,ELEC - Electrical Fire,B2,AFD,00-2101,3F,Code 3,10,"(3.035834E+7, 97750996)"
"16,014,157","2,016",Feb,15,Fire,TRASH - Trash Fire,B4,AFD,00-2706,3F,Code 1,8,"(3.021082E+7, 9.788669E+7)"
"16,000,606","2,016",Jan,2,Fire,ELEC - Electrical Fire,B3,AFD,00-1801,3F,Code 3,1,"(3.032105E+7, 97687617)"
"16,009,179","2,016",Jan,31,Fire,TRASH - Trash Fire,B4,AFD,00-2903,3F,Code 3,5,"(3.018025E+7, 97842952)"
"16,015,558","2,016",Feb,19,Fire,AUTO - Auto Fire,B2,AFD,00-2104,2F,Code 3,10,"(30368155, 9.77424E+7)"
"16,023,261","2,016",Mar,13,Fire,TRASH - Trash Fire,B5,AFD,00-3504,3F,Code 3,2,"(30193989, 9.768488E+7)"
"16,003,972","2,016",Jan,14,Fire,GRASS - Small Grass Fire,B3,AFD,00-4003,3F,Code 3,1,"(30379306, 9.765421E+7)"
"16,008,080","2,016",Jan,27,Fire,AUTO - Auto Fire,B5,AFD,00-3501,2F,Code 3,2,"(3.02153E+7, 97751378)"
"16,027,714","2,016",Mar,27,Fire,AUTO - Auto Fire,B3,AFD,00-2606,2F,Code 3,1,"(3.029124E+7, 97627952)"
"16,014,050","2,016",Feb,15,Fire,TRASH - Trash Fire,B5,AFD,00-0701,3F,Code 3,3,"(3.026215E+7, 97726965)"
"16,027,523","2,016",Mar,26,Fire,DUMP - Dumpster Fire,B5,AFD,00-2205,3F,Code 3,3,"(3.022632E+7, 97693756)"